id,title,url,num_points,num_comments,author,created_at
12224879,Interactive Dynamic Video,http://www.interactivedynamicvideo.com/,386,52,ne0phyte,8/4/2016 11:52
11964716,Florida DJs May Face Felony for April Fools' Water Joke,http://www.thewire.com/entertainment/2013/04/florida-djs-april-fools-water-joke/63798/,2,1,vezycash,6/23/2016 22:20
11919867,Technology ventures: From Idea to Enterprise,https://www.amazon.com/Technology-Ventures-Enterprise-Thomas-Byers/dp/0073523429,3,1,hswarna,6/17/2016 0:01
10301696,Note by Note: The Making of Steinway L1037 (2007),http://www.nytimes.com/2007/11/07/movies/07stein.html?_r=0,8,2,walterbell,9/30/2015 4:12
10482257,Title II kills investment? Comcast and other ISPs are now spending more,http://arstechnica.com/business/2015/10/comcast-and-other-isps-boost-network-investment-despite-net-neutrality/,53,22,Deinos,10/31/2015 9:48
10557283,Nuts and Bolts Business Advice,,3,4,shomberj,11/13/2015 0:45
12296411,Ask HN: How to improve my personal website?,,2,6,ahmedbaracat,8/16/2016 9:55
11337617,"Shims, Jigs and Other Woodworking Concepts to Conquer Technical Debt",http://firstround.com/review/shims-jigs-and-other-woodworking-concepts-to-conquer-technical-debt/,34,7,zt,3/22/2016 16:18
10379326,That self-appendectomy,http://www.southpolestation.com/trivia/igy1/appendix.html,91,10,jimsojim,10/13/2015 9:30
11370829,Crate raises $4M seed round for its next-gen SQL database,http://techcrunch.com/2016/03/15/crate-raises-4m-seed-round-for-its-next-gen-sql-database/,3,1,hitekker,3/27/2016 18:08
11665197,Advertising Cannot Maintain the Internet. Heres the Secret Sauce Solution,http://evonomics.com/advertising-cannot-maintain-internet-heres-solution/,2,1,dredmorbius,5/10/2016 4:46
11981466,Coding Is Over,https://medium.com/@loorinm/coding-is-over-6d653abe8da8,18,14,prostoalex,6/26/2016 16:36
10627194,Show HN: Wio Link  ESP8266 Based Web of Things Hardware Development Platform,https://iot.seeed.cc,26,22,kfihihc,11/25/2015 14:03
11587596,Custom Deleters for C++ Smart Pointers,http://www.bfilipek.com/2016/04/custom-deleters-for-c-smart-pointers.html,59,18,ingve,4/28/2016 10:01
12335860,How often to update third party libraries?,,7,5,rabid_oxen,8/22/2016 12:37
11403750,Review my AI based marketing bot,http://beta.crowdfireapp.com/?beta=agnipath,1,2,abhishekmaddy,4/1/2016 9:45
10610020,Ask HN: Am I the only one outraged by Twitter shutting down share counts?,,28,29,tkfx,11/22/2015 13:43
10837634,"Ten years later, did Boston's Big Dig deliver?",https://www.bostonglobe.com/magazine/2015/12/29/years-later-did-big-dig-deliver/tSb8PIMS4QJUETsMpA7SpI/story.html,109,116,jseliger,1/4/2016 18:58
12121216,Valid.ly  Never send another OOPS message,https://www.valid.ly,1,1,validly,7/19/2016 12:05
11079821,APOD: LIGO detects gravity waves...,http://apod.nasa.gov/apod/astropix.html,1,2,AliCollins,2/11/2016 12:57
11007942,Typeplate: a typographic starter kit encouraging great type on the web,http://typeplate.com/,68,13,Tomte,1/31/2016 20:38
11610310,Ask HN: Aby recent changes to CSS that broke mobile?,,1,1,polskibus,5/2/2016 10:14
10712549,Streamroot makes video streaming cheaper thanks to peer-to-peer,http://techcrunch.com/2015/12/10/streamroot-makes-video-streaming-cheaper-thanks-to-peer-to-peer/,11,2,Rodi,12/10/2015 18:58
10978069,VMware Confirms Layoffs as It Prepares for Dell Acquisition,http://techcrunch.com/2016/01/26/vmware-confirms-layoffs-in-earnings-statement-as-it-prepares-for-dell-acquisition/,170,112,walterclifford,1/27/2016 3:47
12023949,Firmware exploit can defeat new Windows security features on Lenovo ThinkPads,http://www.pcworld.com/article/3091104/firmware-exploit-can-defeat-new-windows-security-features-on-lenovo-thinkpads.html#jump,15,4,walterbell,7/2/2016 22:08
10739227,The Sad State of Personal Knowledgebases,http://marcusvorwaller.com/blog/2015/12/14/personal-knowledgebases/,115,106,zzzmarcus,12/15/2015 17:56
11181546,US Robotics Network Taps,http://www.usr.com/en/products/networking-taps/,1,2,mkj,2/26/2016 14:35
11161191,Fundraising Advice for YC Companies,https://blog.ycombinator.com/fundraising-advice-for-yc-companies,234,100,cryptoz,2/23/2016 18:41
10760605,"PSA: Intel WICS broken for years with official press release, do not buy",https://communities.intel.com/thread/96038,4,1,KyleSanderson,12/18/2015 20:02
12210105,Ask HN: Looking for Employee #3 How do I do it?,,1,3,sph130,8/2/2016 14:20
10394168,Ask HN: Someone offered to buy my browser extension from me. What now?,,28,17,roykolak,10/15/2015 16:38
12424203,Small Indiana county sends more people to prison than San Francisco,http://www.nytimes.com/2016/09/02/upshot/new-geography-of-prisons.html,61,63,GabrielF00,9/4/2016 13:24
10767039,Real-time GIF images,http://github.com/ErikvdVen/php-gif,211,67,erikvdven,12/20/2015 14:01
12356386,Charles River Ventures Puts F*CK Trump on Their Website,http://www.businessinsider.com/charles-river-ventures-puts-fck-trump-on-website-2016-8,3,2,smb06,8/25/2016 1:25
10626668,The reverse job applicant (2010),http://www.reversejobapplication.com/,51,26,sheldor,11/25/2015 11:36
12502122,Bitbucket: Support GitHub-style pages for repositories and teams,https://bitbucket.org/site/master/issues/3932/support-github-style-pages-for,2,1,deevus,9/14/2016 23:32
11939260,Estonia's Tech-Savviness,https://m.mic.com/articles/146542/the-unexpected-story-of-how-this-tiny-country-became-the-most-tech-savvy-on-earth#.PaJNIRo6I,22,12,sethbannon,6/20/2016 16:53
11783331,'The details of your involvement will be gruesome' if you continue suing us,http://www.recode.net/2016/5/26/11792922/gawker-nick-denton-peter-thiel-open-letter,2,2,openmosix,5/27/2016 1:48
10646440,Show HN: Something pointless I made,http://dn.ht/picklecat/,747,102,dhotson,11/29/2015 22:46
12427002,Self-Driving Ubers Appear in San Francisco,http://fortune.com/2016/09/04/self-driving-ubers-san-francisco/,5,2,sjcsjc,9/4/2016 22:22
11037937,Maru turns Android smartphones into portable PCs,http://maruos.com/#/,171,73,dmitrygr,2/4/2016 22:54
10512882,Text of the Trans-Pacific Partnership,http://tpp.mfat.govt.nz/text,755,346,cdubzzz,11/5/2015 12:15
11441625,"Apply HN: CreatorsNest  On-Demand, Private Workspaces for Artists and Creatives",,5,6,LYeo,4/6/2016 20:10
12350556,Researchers have trained a machine to spot depression on Instagram,https://www.technologyreview.com/s/602208/how-an-algorithm-learned-to-identify-depressed-individuals-by-studying-their-instagram,38,6,pmcpinto,8/24/2016 8:24
11826782,A Cars Computer Can Fingerprint You in Minutes Based on How You Drive,https://www.wired.com/2016/05/drive-car-can-id-within-minutes-study-finds/,54,67,jonbaer,6/2/2016 22:51
11590768,"Show HN: Shanhu.io, a programming playground powered by e8vm",https://shanhu.io,1,1,h8liu,4/28/2016 18:05
11774850,The Path to Rust,https://thesquareplanet.com/blog/the-path-to-rust/?,296,213,adamnemecek,5/26/2016 2:28
10560014,"Bitcoin Is Back, But It Never Really Left",http://www.wired.com/2015/11/bitcoin-is-back-but-it-never-really-left/,29,15,Amorymeltzer,11/13/2015 14:36
10284812,"Ask HN: Limiting CPU, memory, and I/O usage on a program for testing",,2,1,zatkin,9/26/2015 23:23
10184716,How to write a great error message,https://medium.com/@thomasfuchs/how-to-write-an-error-message-883718173322,19,2,tomkwok,9/8/2015 9:23
11548576,Ask HN: Which framework for a CRUD app in 2016?,,4,4,deafcalculus,4/22/2016 12:24
10926050,Entrepreneurship  A second attempt | Feedback welcomed,,3,1,nassirkhan,1/18/2016 18:47
11862653,The Shocking Secret About Static Types,https://medium.com/javascript-scene/the-shocking-secret-about-static-types-514d39bf30a3#.h2mg39u32,11,5,insulanian,6/8/2016 14:59
11308064,"Atom 1.6 Released with Pending Pane Items, Async Git and Top and Bottom Bar API",http://blog.atom.io/2016/03/17/atom-1-6-and-1-7-beta.html,244,172,ingve,3/17/2016 22:16
12457634,Obama on Climate Change: The Trends Are Terrifying,http://www.nytimes.com/2016/09/08/us/politics/obama-climate-change.html,63,112,smacktoward,9/8/2016 21:46
10402416,"When there are too many administrators, which ones do *you* fire?",http://jakeseliger.com/2015/10/16/when-there-are-too-many-administrators-which-ones-do-you-fire/,4,1,jseliger,10/16/2015 22:26
10618257,US State Dept Issues Worldwide Travel Alert,http://travel.state.gov/content/passports/en/alertswarnings/worldwide-travel-alert.html,60,45,fouadmatin,11/24/2015 0:08
10636601,DeepView: Computational Tools for Chess Spectatorship,http://playful.media.mit.edu/projects/deepview,8,1,hemapani,11/27/2015 9:25
11203438,Deposing Tim Cook,http://www.skatingonstilts.com/skating-on-stilts/2016/02/an-open-letter-to-tim-cook.html,2,2,fny,3/1/2016 15:55
10816018,2015 in review  1 year after I quit blogging,http://nathanbarry.com/2015-review/,36,2,porter,12/31/2015 3:50
10873517,New Erd?s Paper Solves Egyptian Fraction Problem,https://www.simonsfoundation.org/uncategorized/new-erdos-paper-solves-egyptian-fraction-problem/#,73,20,vinchuco,1/10/2016 0:19
10270919,Visualizing the Discrete Fourier Transform,http://blog.revolutionanalytics.com/2015/09/because-its-friday-visualizing-ffts.html#,68,18,rndn,9/24/2015 11:00
11575139,"Capacitor, BigQuerys next-generation columnar storage format",https://cloud.google.com/blog/big-data/2016/04/inside-capacitor-bigquerys-next-generation-columnar-storage-format,133,14,fhoffa,4/26/2016 20:04
10774204,Bitcoin's mining difficulty has increased by 41.9% over the last 30 days,https://kaiko.com/statistics/difficulty,226,253,arnauddri,12/21/2015 23:00
10573430,Ask HN: Enter market with a well-funded competitor?,,2,1,sparkling,11/16/2015 9:22
12120708,Aggregated reviews for iPad Pro 9.7 inch,https://feedcheck.co/blog/ipad-pro-9-7-inch-customer-reviews/,3,2,adibalcan,7/19/2016 9:13
10581844,"Analysis of 114 propaganda sources from ISIS, Jabhat al-Nusra, al-Qaeda [pdf]",http://37.252.122.95/sites/default/files/Inside%20the%20Jihadi%20Mind.pdf,1,1,crosre,11/17/2015 15:53
11443427,"Apply HN: Hostable, Reskinnable, Domainable, Searchable, Forum Software",,3,5,andy_ppp,4/7/2016 0:00
10590679,I was held hostage by Isis. They fear our unity more than our airstrikes,http://www.theguardian.com/commentisfree/2015/nov/16/isis-bombs-hostage-syria-islamic-state-paris-attacks,6,2,PhasmaFelis,11/18/2015 20:55
11168708,Ask HN: Do you use any realtime PaaS/framework and in case you so which one?,,2,1,stemuk,2/24/2016 17:57
11342920,A malicious module on npm,https://blog.liftsecurity.io/2015/01/27/a-malicious-module-on-npm,5,1,gburnett,3/23/2016 8:46
11985350,Ditch Google Forms: Try This Free Survey Tool,http://www.vizir.co/,2,1,getvizir,6/27/2016 10:58
10312846,Introducing Network Containers,https://www.zerotier.com/blog/?p=490,6,2,pkcsecurity,10/1/2015 17:26
11178082,Chrome says login.live.com is a Deceptive site,,9,2,whizzkid,2/25/2016 21:45
10402073,Predicting the Future and Exponential Growth,http://uday.io/2015/10/15/predicting-the-future-and-exponential-growth/,1,1,urs2102,10/16/2015 21:19
12077936,Electroflight: demo electric show aeroplane,https://www.youtube.com/watch?v=Xe1g1JrRRkY,2,2,zeristor,7/12/2016 10:25
12014198,Sliding airline seats speed up boarding and departing planes,http://www.businessinsider.com/sliding-airline-seats-speed-up-boarding-departing-planes-2016-6,3,3,stretchwithme,7/1/2016 6:23
10965887,Limbless master of micrographia featured at the Met,http://www.nytimes.com/2016/01/15/arts/design/astounding-feats-in-pen-ink-and-magnifying-glass.html,2,1,GuestNetwork,1/25/2016 6:25
11305945,Venezuela to Shut Down for a Week to Cope With Electricity Crisis,http://www.bloomberg.com/news/articles/2016-03-16/venezuela-to-shut-down-for-a-week-as-electricity-crisis-mounts,162,160,prostoalex,3/17/2016 17:27
11149961,A Go check style tool,https://github.com/qiniu/checkstyle,2,1,longbai,2/22/2016 10:58
10899330,Apple Watch Scooped Up Over Half the Smartwatch Market in 2015,http://techcrunch.com/2016/01/13/apple-watch-scooped-up-over-half-the-smartwatch-market-in-2015/,1,1,Jerry2,1/14/2016 2:45
11276702,Pitch your startp  Valuate it automatically,https://startupeval.mybluemix.net/,3,1,jo-m,3/13/2016 8:08
11080321,Can Wall Street solve the water crisis in the West?,https://www.propublica.org/article/can-wall-street-solve-the-water-crisis-in-the-west,3,1,elorant,2/11/2016 14:35
12178806,Show HN: Webscope  Easy way for web developers to communicate with Clients,http://webscopeapp.com,3,3,fastbrick,7/28/2016 7:11
10870764,It's time for the US to use the metric system,http://www.vox.com/2014/5/29/5758542/time-for-the-US-to-use-the-metric-system,25,12,edward,1/9/2016 10:27
12097173,Facebook Blames Lack of Available Talent for Diversity Problem,http://www.wsj.com/articles/facebook-blames-lack-of-available-talent-for-diversity-problem-1468526303,3,1,protomyth,7/14/2016 21:06
11062519,Beyond the Hype: 4 Years of Go in Production,http://www.infoq.com/presentations/go-iron-production,3,3,neoasterisk,2/9/2016 1:56
12472690,The Case for Wooden Skyscrapers,http://www.economist.com/news/science-and-technology/21706492-case-wooden-skyscrapers-not-barking-top-tree,63,56,oli5679,9/11/2016 10:00
12112528,"Microsoft patched Windows RT, blocks dev Linux boot",http://www.theregister.co.uk/2016/07/15/windows_fix_closes_rt_unlock_loophole/,110,39,type0,7/18/2016 0:05
11851529,New phenomenon breaks inbound TCP policing,https://forums.whirlpool.net.au/forum-replies.cfm?t=2530363,130,53,RachelF,6/7/2016 0:15
11380779,PULPino: open-source microcontroller based on a 32-bit RISC-V core,https://github.com/pulp-platform/pulpino,4,1,winterismute,3/29/2016 11:45
11056477,Why your Uber app is lying to you about available cars,http://bgr.com/2015/07/28/uber-app-lying-cars-visual-effect/,9,3,adamsi,2/8/2016 5:22
10239352,Facebooks Like Buttons Will Soon Track Your Web Browsing to Target Ads,http://www.technologyreview.com/news/541351/facebooks-like-buttons-will-soon-track-your-web-browsing-to-target-ads/,2,2,EwanToo,9/18/2015 14:25
12395737,Grateful Dead Fan Timothy Tyler Has Been Granted Clemency,http://liveforlivemusic.com/news/grateful-dead-fan-timothy-tyler-has-been-granted-clemency-by-president-barack-obama/,222,211,WhitneyLand,8/31/2016 3:10
10248556,The Return of the Command Line Interface,http://avc.com/2015/09/the-return-of-the-command-line-interface/?utm_source=feedburner&utm_medium=feed&utm_campaign=Feed%3A+AVc+%28A+VC%29,51,36,ghosh,9/20/2015 18:52
10996470,ASP.NET OmniSharp server is not running on Ubuntu Mono,http://stackoverflow.com/q/35068910/2404470,1,1,xameeramir,1/29/2016 17:06
10872799,Show HN: GeoScreenshot  Easily test Geo-IP based web pages,https://www.geoscreenshot.com/,1,9,kpsychwave,1/9/2016 20:45
10742394,Bacon over Lettuce,http://www.sciencedaily.com/releases/2015/12/151214130727.htm,3,3,prtkgpt,12/16/2015 4:31
11140277,Ayn Rand Lamp,http://www.volcanophile.com/index.php?/root/ayn-rand-lamp-video/,33,51,jimsojim,2/20/2016 15:01
10484797,Scientists identify main component of brain repair after stroke,http://www.nih.gov/news-events/news-releases/scientists-identify-main-component-brain-repair-after-stroke,85,8,Oatseller,11/1/2015 0:04
12153139,Munich Gunman Got Weapon from the Darknet [German],http://www.sueddeutsche.de/panorama/eil-amokschuetze-von-muenchen-besorgte-sich-waffe-im-darknet-1.3092518,3,1,p01926,7/24/2016 12:30
11610192,Craig Wright's proof isn't valid because he uses bash background instead of &&,https://imgur.com/ZUXBkTt,5,2,neuropie,5/2/2016 9:35
10974870,From Python to Lua: Why We Switched,https://www.distelli.com/blog/using-lua-for-our-most-critical-production-code,243,188,chase202,1/26/2016 18:17
11244541,Ubuntu 16.04 LTS to Ship Without Python 2,http://news.softpedia.com/news/ubuntu-16-04-lts-to-ship-without-python-2-windows-printers-detection-affected-501410.shtml,2,1,_snydly,3/8/2016 10:39
10915933,About What is happening with this world?,http://meshedsociety.com/the-globalization-of-news/,3,1,imartin2k,1/16/2016 17:30
12196969,The Golden Age of Open Protocols,http://avc.com/2016/07/the-golden-age-of-open-protocols/,131,51,worldvoyageur,7/31/2016 13:55
12466761,Israeli DDOS Service vDOS responsible for several decades worth of DDoS years,http://krebsonsecurity.com/2016/09/israeli-online-attack-service-vdos-earned-600000-in-two-years/,29,1,aarestad,9/9/2016 23:27
10843957,Unaffordable cities: this criminal lack of housing is a global scandal,http://www.theguardian.com/cities/2014/feb/10/unaffordable-cities-global-scandal-housing-lack?CMP=share_btn_tw,3,1,jseliger,1/5/2016 16:12
10858645,Good UI,https://www.goodui.org/,27,8,jgrodziski,1/7/2016 16:01
10601056,CSS Cursor's,http://css-cursor.techstream.org,4,2,anushbmx,11/20/2015 13:37
10626218,Booking.js  Availability and Scheduling API,http://booking.timekit.io/,142,22,listentojohan,11/25/2015 9:10
11990286,Which MacBook can code 8 hours without charging?,,2,8,freelancerdever,6/27/2016 23:20
10686336,"After 60 Years, B-52s Still Dominate U.S. Fleet",http://www.nytimes.com/2015/12/06/us/b-52s-us-air-force-bombers.html,149,145,otoolep,12/6/2015 19:52
11237259,Show HN: Run with Mark (Runkeeper only),http://runwithmark.github.io/#/,3,3,ecesena,3/7/2016 5:17
11748010,Dynamic Swift,http://mjtsai.com/blog/2016/05/21/dynamic-swift-2/,42,46,mpweiher,5/22/2016 10:22
11721050,The False Promise of DNA Testing,http://www.theatlantic.com/magazine/archive/2016/06/a-reasonable-doubt/480747/?single_page=true,64,32,sergeant3,5/18/2016 11:05
10493476,Philip Davies MP: 'Political correctness is damaging men',http://www.telegraph.co.uk/men/thinking-man/11969823/Philip-Davies-MP-Political-correctness-is-damaging-men.html,1,1,lujim,11/2/2015 17:39
11837056,Ask HN: Is there a home Dropbox-style solution?  (better explanation inside),,3,2,coreyp_1,6/4/2016 17:17
10607974,The Glacial Pace of Scientific Publishing,http://www.fasebj.org/content/26/9/3589.full,30,32,ingve,11/21/2015 20:49
10603601,Show HN: Send an email from your shell to yourself without pain,https://ping.registryd.com,4,1,ybrs,11/20/2015 20:23
11818833,"Medical researcher discovers integration, gets 75 citations",https://fliptomato.wordpress.com/2007/03/19/medical-researcher-discovers-integration-gets-75-citations/,3,3,CarolineW,6/1/2016 22:36
11969736,Why Brexit is worse for Europe than Britain,https://www.washingtonpost.com/news/wonk/wp/2016/06/24/whats-crucial-to-know-the-morning-after-brexit/?postshare=2461466773584454&tid=ss_tw,5,1,return0,6/24/2016 13:51
12343060,iOS Keychain Privacy Issue,,2,1,benzinschleuder,8/23/2016 12:17
10895443,Animatic by Inkboard  Animation for everyone. animatic.io,,5,1,darrenpaul,1/13/2016 16:27
11370446,Show HN: Underline.js is like underscore.js but using modern ES7 syntax,http://ankurp.github.io/underline/?hn,8,1,agp2572,3/27/2016 16:19
10463917,List of Hacker News-style aggregators for specific niches,https://github.com/mikeanthonywild/hacker-news-for-x,1,1,ShinyCyril,10/28/2015 12:05
10284074,Show HN: Real-Time Stats for an iOS MMORPG Game in a Wordpress Front End,http://aftermath.io/this-is-not-a-blog-wordpress-as-a-mmo-frontend/,6,1,ZaneClaes,9/26/2015 19:02
10521035,We're Bringing Unsexy Back to Entrepreneurship,http://www.entrepreneur.com/article/251328,2,2,bevenky,11/6/2015 18:27
12255593,Show HN: Bild  A collection of image processing functions in Go,https://github.com/anthonynsimon/bild,2,2,amzans,8/9/2016 16:11
10205375,Show HN: Automated coach for programming interviews,https://www.interviewbit.com/?ref=showhn,18,3,plicense,9/11/2015 18:32
10762005,Django with websockets and a bolted-on telnet server: a hendrix demo,https://www.youtube.com/watch?v=92VeMkjM1TQ,2,1,jMyles,12/19/2015 0:34
10294855,How do I provide value to my startup as a non-technical founder?,http://www.kilometer.io/blog/how-do-i-provide-value-to-my-startup-as-a-non-technical-founder/,1,1,alex_flom,9/29/2015 6:13
11848050,"Show HN: /frink, a Slack app for Simpsons gifs",https://slashfrink.herokuapp.com/,1,1,gesteves,6/6/2016 16:36
12487968,De-anonymizing website visitors via FB timing attacks,https://quadhead.de/website-besucher-durch-timing-attacken-auf-facebook-deanonymisieren/,13,4,aysfrm11,9/13/2016 13:26
10684317,How to Satisfy the Worlds Surging Appetite for Meat,http://www.wsj.com/articles/how-to-satisfy-the-worlds-surging-appetite-for-meat-1449238059?mod=trending_now_2,38,71,prostoalex,12/6/2015 3:38
10244832,Ask HN: How would you sell open source software?,,11,7,wjh_,9/19/2015 17:04
10259707,Parallax - open source scrolling parallax script for mobile and desktop browsers,https://github.com/GianlucaGuarini/parallax,18,20,gianlucaguarini,9/22/2015 16:36
12025133,Facebook's News Feed,http://www.newyorker.com/business/currency/facebooks-news-feed-often-changed-never-great,72,68,jeo1234,7/3/2016 7:30
11585576,"Dear Amazon Prime, I don't want to watch the ads for your original series",http://www.amazon.com/Storm-Warnings/dp/B00N8MCYM4/ref=sr_1_2?s=instant-video&ie=UTF8&qid=1461800859&sr=1-2&keywords=the+wire,3,1,thththth,4/27/2016 23:50
10327933,Amazon ECHO,http://www.amazon.com/gp/product/B00X4WHP5E/ref=s9_pop_gw_g451_i2?pf_rd_m=ATVPDKIKX0DER&pf_rd_s=desktop-7&pf_rd_r=1NA8YZ60W55V0MXKEWM7&pf_rd_t=36701&pf_rd_p=2090151022&tag=facebookoffer15-20&pf_rd_i=desktop,3,3,syshackbot,10/4/2015 16:23
10665466,From Word to Markdown to InDesign: Fully Automated Typesetting Using Pandoc,http://rhythmus.be/md2indd/,114,41,rhythmvs,12/2/2015 20:09
10958220,How to use MVC with React,http://github.com/ustun/react-mvc?x=1,5,1,ludwigvan,1/23/2016 12:53
10957172,PostgreSQL: Linux VS Windows  part 2,http://www.sqig.net/2016/01/postgresql-linux-vs-windows-part-2.html,16,3,based2,1/23/2016 4:21
11296136,How an Uncritical Media Helped Trump's Rise,http://www.spiegel.de/international/world/donald-trump-and-the-failure-of-the-us-media-a-1082401.html,1,1,citizensixteen,3/16/2016 10:02
10963528,Create a GUI Application Using Qt and Python in Minutes,http://digitalpeer.com/s/c63e,21,1,zoodle,1/24/2016 19:01
11757367,"For the poor in the Ivy League, a full ride isnt always what they imagined",https://www.washingtonpost.com/local/education/for-the-poor-in-the-ivy-league-a-full-ride-isnt-always-what-they-imagined/2016/05/16/5f89972a-114d-11e6-81b4-581a5c4c42df_story.html,5,1,wallflower,5/23/2016 21:55
11701277,Radio FM broadcasting,,1,3,ejanus,5/15/2016 15:34
10790754,HN: Christmas Colors,,28,12,sdiq,12/25/2015 8:50
11134013,Show HN: Vector Toy  Visualize and manipulate vector field functions,http://dandelany.github.io/vector-toy/,43,4,dandelany,2/19/2016 15:34
10258332,Ask HN: Chat-App based on Mail and PGP?,,1,1,Databay,9/22/2015 13:16
10574895,Classic Nintendo Games Are NP-Hard (2012),http://arxiv.org/abs/1203.1895,115,59,iamandoni,11/16/2015 15:22
11581144,Status of legislation on self-driving vehicles across the 50 states,http://www.ncsl.org/research/transportation/autonomous-vehicles-legislation.aspx,1,1,sdneirf,4/27/2016 15:18
10739492,The Pebble smartwatch finally does real fitness tracking,http://www.theverge.com/2015/12/15/10138298/pebble-health-tracking-update-stanford-smartwatch-fitness,47,12,akirk,12/15/2015 18:34
10715613,How to Pronounce Hexadecimal,http://www.bzarg.com/p/how-to-pronounce-hexadecimal/,2,1,gammarator,12/11/2015 5:34
10619996,The Mochileros  Young Backpackers Risking Their Lives in Cocaine Valley,http://www.bbc.co.uk/news/resources/idt-07eeeebb-d450-4e4b-98d4-755369be7855,8,2,desdiv,11/24/2015 10:10
11747821,Deep biomarkers of human aging: Application of deep neural networks,http://www.impactaging.com/papers/v8/n5/full/100968.html,71,6,jonbaer,5/22/2016 8:42
11994405,Languages Which Almost Became CSS,https://eager.io/blog/the-languages-which-almost-were-css/,586,133,zackbloom,6/28/2016 15:15
11181244,Drupal Benchmarks,http://www.pidramble.com/wiki/benchmarks/drupal,60,54,geerlingguy,2/26/2016 13:33
12289059,It's time for fancy apartments to offer balconies for drone landings,https://www.wired.com/2016/08/time-fancy-apartments-offer-balconies-drone-landings/#slide-1,2,2,cm2187,8/15/2016 6:45
10213207,File indexing and searching for Plan 9 [pdf],http://lsub.org/ls/export/tags.pdf,49,11,vezzy-fnord,9/14/2015 0:19
11579299,"German nuclear plant infected with computer viruses, operator says",http://www.reuters.com/article/us-nuclearpower-cyber-germany-idUSKCN0XN2OS,149,94,r0muald,4/27/2016 10:57
12534592,Computer Specialist Who Deleted Clinton Emails May Have Asked Reddit for Tips,http://www.usnews.com/news/articles/2016-09-19/paul-combetta-computer-specialist-who-deleted-hillary-clinton-emails-may-have-asked-reddit-for-tips?src=usn_tw,17,1,heyrhett,9/19/2016 20:52
10518372,"Attack on Kunduz Trauma Centre, Afghanistan  Initial MSF Internal Review [pdf]",http://kunduz.msf.org/pdf/20151030_kunduz_review_EN.pdf,3,1,andreasley,11/6/2015 8:28
11444485,Show HN: HTML5 and Canvas demo written in Go,http://tidwall.com/digitalrain,8,3,tidwall,4/7/2016 3:26
11902922,Tactile belt leads the blind and informs wearer of true north,https://www.indiegogo.com/projects/feelspace-follow-your-gut-feeling--3#/,4,3,antiffan,6/14/2016 16:04
11148944,Adobe Photoshop and 1700s Manuscripts: A New Approach to Digital Paleography,http://www.digitalhumanities.org/dhq/vol/8/4/000187/000187.html,33,12,benbreen,2/22/2016 6:25
12572730,Google's self-driving car is the victim in a serious crash,https://www.engadget.com/2016/09/24/googles-self-driving-car-is-the-victim-in-a-serious-crash/,12,6,openmosix,9/24/2016 21:28
11835843,"Hacked in a public space? Thanks, HTTPS",http://www.theregister.co.uk/2016/05/20/https_wifi_trust_in_a_public_place/,27,29,blowski,6/4/2016 10:47
10766828,"An Old-Media Empire, Axel Springer Reboots for the Digital Age",http://www.nytimes.com/2015/12/21/business/media/an-old-media-empireaxel-springer-reboots-for-the-digital-age.html?partner=rss&emc=rss&smid=tw-nytimes&smtyp=cur&_r=1,11,1,doener,12/20/2015 12:04
11946541,Ask HN: What you wish you knew before launching your first Wordpress Plugin?,,1,1,wp_newb,6/21/2016 15:45
10897571,Ask HN: How can we get porn sites to support HTTPS?,,8,4,lindx,1/13/2016 21:17
11240737,Pocket Sized Virtual Reality Device,https://www.indiegogo.com/projects/smartvr-make-your-phone-a-virtual-reality-viewer/x/7469849#/,6,2,prbuckley,3/7/2016 18:58
10302854,Full Disclosure: WinRAR SFX v5.21  Remote Code Execution Vulnerability,http://seclists.org/fulldisclosure/2015/Sep/106,3,1,tomtoise,9/30/2015 10:16
10441107,"$70,000 minimum wage",http://www.slate.com/blogs/moneybox/2015/10/23/remember_dan_price_of_gravity_payments_who_gave_his_employees_a_70_000_minimum.html,4,1,gricardo99,10/23/2015 20:26
12049801,Email Apps Suck,https://schneid.io/blog/why-your-email-app-sucks.html,52,83,schneidmaster,7/7/2016 15:11
10328891,Ask HN: Looking for hacking games.,,3,4,dutchbrit,10/4/2015 21:27
10581276,Ubuntu Team Needs a Cat to Replicate Important Bug,http://news.softpedia.com/news/ubuntu-team-needs-a-cat-to-replicate-important-bug-496205.shtml,2,1,zxv,11/17/2015 14:39
11266275,"Alyne  RegTech Platform for Cyber Security, Risk Management and Compliance",https://www.alyne.com,2,1,nr1,3/11/2016 12:48
11975878,How Google Is Remaking Itself as a Machine Learning First Company,https://backchannel.com/how-google-is-remaking-itself-as-a-machine-learning-first-company-ada63defcb70,1,1,elorant,6/25/2016 10:26
10969705,Ask HN: Are GMail's new features making spam easier?,,3,2,aleem,1/25/2016 20:27
10455956,Ask HN: $500k revenue business  Shopify vs. Custom website?,,4,3,jimmygatz,10/27/2015 2:47
11461850,The Voyeur's Motel,http://newyorker.com/magazine/2016/04/11/gay-talese-tÂ,1,1,cmyr,4/9/2016 16:09
10460634,The biggest threat to Silicon Valley isn't what you think it is,http://www.businessinsider.com/sc/flood-threat-to-silicon-valley-2015-10,2,1,cryptoz,10/27/2015 19:53
12429434,What is the best android emulator for mac os?,,4,6,fimparatta,9/5/2016 10:59
10930122,Ask HN: What you learned in 2015?,,2,1,justplay,1/19/2016 12:01
10945276,Coworkers: a RabbitMQ microservice framework in Node.js,https://github.com/tjmehta/coworkers,13,1,tjmehta,1/21/2016 14:19
11876191,The FBI 'is manufacturing terrorism cases' on a greater scale than ever before,http://www.businessinsider.com/fbi-is-manufacturing-terrorism-cases-2016-6/,255,136,ccvannorman,6/10/2016 13:30
11027556,"Yahoo lays off 1,700 and is up for sale",http://www.vox.com/2016/2/1/10862040/yahoo-marissa-mayer-fail,115,64,Shofo,2/3/2016 16:53
10250115,The extraordinary case of the Guevedoces,http://www.bbc.com/news/magazine-34290981,6,1,BoratObama,9/21/2015 2:55
11333915,Ask HN: Critique my biz idea  local.menu the next Airbnb,,2,22,andrewfromx,3/22/2016 2:05
11639807,Ruby on Google AppEngine Goes Beta,https://cloudplatform.googleblog.com/2016/05/Ruby-on-Google-App-Engine-goes-betaruntime.html?m=1,4,1,mark_l_watson,5/5/2016 21:31
11559218,How one Silicon Valley engineer negotiated a starting salary from $120k to $250k,http://uk.businessinsider.com/silicon-valley-engineer-negotiated-a-starting-salary-from-120k-to-250k-in-just-a-few-weeks-2016-4,6,2,adam_klein,4/24/2016 10:37
10418862,Tech Startups Feel an IPO Chill,http://www.wsj.com/articles/tech-startups-feel-an-ipo-chill-1445309822,55,15,pierrealexandre,10/20/2015 13:06
11927447,A brief update,https://www.mattcutts.com/blog/heading-to-usds/,180,169,rbinv,6/18/2016 7:17
10467361,Prevent information leaking in Rails,http://greg.molnar.io/tech/2015/10/28/prevent-rails-information-leaking.html,27,5,gregmolnar,10/28/2015 20:59
11860564,[Beta] Speedtest.net  HTML5 Speed Test,http://beta.speedtest.net/,1,1,cquanu,6/8/2016 7:12
10716331,How I Solved GCHQ's Xmas Card with Python and Pycosat. (Explanation and Source),http://matthewearl.github.io/2015/12/10/gchq-xmas-card/,6,1,kipi,12/11/2015 10:38
10433288,Indonesia's palm oil fires emitted more greenhouse gases in a day than the U.S.,http://qz.com/528160/indonesias-palm-oil-fires-are-emitting-more-greenhouse-gases-every-day-than-the-entire-us/,137,162,Thorondor,10/22/2015 16:54
10185714,Ask HN: Resources for learning ASP.NET?,,2,2,Catalyst4NaN,9/8/2015 14:04
12441091,On Nodevember,https://medium.com/@nodebotanist/on-nodevember-f28a42c4b62e#.r6gxe4pa2,1,1,Garbage,9/7/2016 5:15
12377598,"Ask HN: Help Looking to find the x,y,z coordinates of a point in a room",,3,2,WheelsAtLarge,8/28/2016 18:06
12538881,Who the f*ck is this Product Manager at my startup?,https://medium.com/@raghunayyar/who-the-f-ck-is-this-product-manager-at-my-startup-bd67fbdba7c4#.y6wx9xne0,2,1,raghunayyar,9/20/2016 12:16
12388202,Show HN: Feeble  A React/Redux Architecture,https://github.com/feeblejs/feeble,3,1,_yesmeck,8/30/2016 7:45
10739918,Need to list related videos along with their published date in YouTube?,https://chrome.google.com/webstore/detail/youtube-video-list-dater/mbaflkdlneldejanggphlhcepncjfaco,1,1,divyumrastogi,12/15/2015 19:38
12505268,Cyclists: This tiny supercomputer could save your life,http://www.thememo.com/2016/09/14/cycling-news-fusionproc-cycleeye-sensors-cycling-uk-road-safety/,4,1,morehuman,9/15/2016 11:54
10580134,Amazon.it starts selling Toyota Aygo online (Italian),http://www.dday.it/redazione/18155/amazonit-vende-online-la-toyota-aygo-super-sconto-e-diritto-di-recesso,2,1,lucaspiller,11/17/2015 10:04
10600906,Google Releases the Full Version of Their Search Quality Rating Guidelines,http://searchengineland.com/google-releases-the-full-version-of-their-search-quality-rating-guidelines-236572,107,21,gere,11/20/2015 12:52
10966060,The Heart and Soul of Prototypal OO: Concatenative Inheritance,https://medium.com/javascript-scene/the-heart-soul-of-prototypal-oo-concatenative-inheritance-a3b64cb27819,21,7,ericelliott,1/25/2016 7:33
10461333,Jony Ive Sighted Driving the Apple Car Through SOMA,https://twitter.com/bretthellman/status/659097576277315584,12,4,cheerioty,10/27/2015 21:35
10431839,Scientists discover molecular difference between male and female brains,http://www.northwestern.edu/newscenter/stories/2015/08/scientists-uncover-a-difference-between-the-sexes.html,1,1,no1ne,10/22/2015 12:43
12001924,A plan to rescue western democracy from the ignorant masses [satire],http://www.karlremarks.com/2016/06/a-plan-to-rescue-western-democracy-from.html,1,1,sp332,6/29/2016 14:43
12128917,"Ask HN: Apart from HN, what other websites you frequent for interesting content?",,19,7,TooSmugToFail,7/20/2016 13:44
11299384,Numbers Every Programmer Should Know by Year,http://www.eecs.berkeley.edu/~rcs/research/interactive_latency.html,8,2,smaili,3/16/2016 18:03
11687167,"70,000 OkCupid Users Just Had Their Data Published",http://motherboard.vice.com/read/70000-okcupid-users-just-had-their-data-published,13,4,mhays,5/12/2016 22:05
10317609,How can I advance in my current role?,,2,3,payamb,10/2/2015 10:06
12182434,"Transit of the future needs smarter routes, not more gadgets",http://www.vox.com/a/new-economy-future/real-transit,3,1,jseliger,7/28/2016 19:12
12462772,Swastika emoji,https://samgentle.com/posts/2016-09-08-swastika-emoji,2,1,sgentle,9/9/2016 14:54
11035577,Why I killed my standing desk,https://medium.com/swlh/why-i-killed-my-standing-desk-891174f9d6e6,32,53,fluxic,2/4/2016 17:35
11243438,Calculus Is So Last Century,http://www.wsj.com/articles/calculus-is-so-last-century-1457132991?mod=e2fb,1,1,prostoalex,3/8/2016 3:47
12066596,Google is making better apps for the iPhone than for Android,http://www.theverge.com/2016/7/8/12109832/google-apps-iphone-android-motion-stills-gboard-search-hangouts,65,25,digital55,7/10/2016 18:31
11588479,"Lisp, C++: Sadness in my heart",http://thread.gmane.org/gmane.lisp.lispworks.general/13808,3,1,deepaksurti,4/28/2016 13:05
11544342,MemSQL (YC W11) Raises $36M Series C,http://blog.memsql.com/memsql-raises-series-c/,74,14,ericfrenkiel,4/21/2016 18:32
12015355,"New Yorks Sidewalks Are So Packed, Pedestrians Are Taking to the Streets",http://www.nytimes.com/2016/07/01/nyregion/new-york-city-overcrowded-sidewalks.html?hp&action=click&pgtype=Homepage&clickSource=story-heading&module=second-column-region&region=top-news&WT.nav=top-news,3,1,baron816,7/1/2016 12:08
10915770,The Talent War Revisited (2011),http://www.mindtangle.net/2011/07/22/the-talent-war-revisted/,41,1,luu,1/16/2016 16:51
11871574,"On Fungibility, Bitcoin, Monero and why ZCash is a bad idea",http://weuse.cash/2016/06/09/btc-xmr-zcash/,78,42,Expez,6/9/2016 19:12
11709301,I wrote a script that listens to meetings I'm supposed to be paying attention to,https://www.reddit.com/r/Python/comments/4jhma7/what_did_you_automate_with_python_scripts/d37clfr,27,6,breadtk,5/16/2016 20:22
12481330,"Ask HN: How to you browse, store, sync, and backup your family photos?",,8,7,stevesearer,9/12/2016 16:52
11196895,Ask HN: Native way to tell whether a link has been submitted and discussed before?,,3,3,exolymph,2/29/2016 17:52
11524342,Dinosaurs Were Declining Way Before That Pesky Asteroid,http://www.theatlantic.com/science/archive/2016/04/the-long-diminuendo-of-the-dinosaurs/478668/?single_page=true,3,1,curtis,4/19/2016 1:32
11976300,When Good Waves Go Rogue (2014),http://nautil.us/issue/37/currents/when-good-waves-go-rogue-rp,68,12,dnetesn,6/25/2016 13:49
12047710,Roll your own video conference tool part 1,https://bengarney.com/2016/06/25/video-conference-part-1-these-things-suck/,20,2,lisper,7/7/2016 6:04
10463402,"Bill Gates: Only Government R&D Can Save the Climate, Private Sector Is Inept",http://usuncut.com/climate/bill-gates-only-socialism-can-save-us-from-climate-change/,7,2,p4bl0,10/28/2015 9:13
10484493,Man who created own credit card sues bank for not sticking to terms (2013),http://www.telegraph.co.uk/finance/personalfinance/borrowing/creditcards/10231556/Man-who-created-own-credit-card-sues-bank-for-not-sticking-to-terms.html,233,84,pelario,10/31/2015 22:35
10994640,A community of and for remote workers,https://remotes.in/,18,4,luxpir,1/29/2016 11:33
11771469,US DoD Using 1970s IBM Series/1 and Floppy Disks for Nuclear Command and Control,http://www.gao.gov/products/GAO-16-696T,2,1,roymurdock,5/25/2016 17:24
11520674,Ask HN: Do programmers without a degree struggle in Canada (Toronto)?,,12,6,nikon,4/18/2016 15:28
10801230,Ask HN: Is asset building as a service (ABaaS) a good idea?,,3,2,tboyd47,12/28/2015 14:38
10344959,What is it like to have never felt an emotion?,http://www.bbc.com/future/story/20150818-what-is-it-like-to-have-never-felt-an-emotion,96,92,andyjohnson0,10/7/2015 9:15
11690125,Pharo 5.0 Released,http://pharo.org/news/pharo-5.0-released,128,50,ch_123,5/13/2016 13:01
10971774,How We Hacked the Media and Landed Six-Figure Contracts in Four Days,https://medium.com/life-learning/how-we-hacked-the-media-and-landed-six-figure-contracts-in-four-days-96ea4aca4eef#.vzzr3xy38,3,1,joeyespo,1/26/2016 4:05
12415512,7-yr-old Google Closure Compiler now in JS,https://developers.googleblog.com/2016/08/closure-compiler-in-javascript.html,4,5,paulddraper,9/2/2016 19:17
10417753,"When a dev dies, their apps should live on",http://www.stuff.tv/features/when-dev-dies-their-apps-should-live,108,57,akakievich,10/20/2015 6:37
10459020,Kula Ring,https://en.wikipedia.org/wiki/Kula_ring,9,1,Artistry121,10/27/2015 16:19
11301399,Protocol-Oriented MVVM with Natasha the Robot,https://realm.io/news/doios-natasha-murashev-protocol-oriented-mvvm/,16,3,astigsen,3/16/2016 23:09
12321608,'Flash Boys' IEX stock exchange opens for business,http://www.latimes.com/business/la-fi-capital-group-iex-20160815-snap-story.html,160,147,prostoalex,8/19/2016 17:15
11419246,Ask HN: Containers and network access?,,3,1,zaroth,4/4/2016 3:34
12295500,Ideas for getting started in the Linux kernel,http://www.labbott.name/blog/2016/08/15/ideas-for-getting-started-in-the-linux-kernel,207,44,ashitlerferad,8/16/2016 4:15
11033604,TensorTalk  Stay up to date on the latest AI code,http://tensortalk.com/?h,95,5,tcoder,2/4/2016 12:49
12460257,Companies would benefit from helping introverts to thrive,http://www.economist.com/news/business-and-finance/21706490-organisations-have-too-long-been-oriented-towards-extroverts-companies-should-help?cid1=cust/ednew/n/bl/n/2016098n/owned/n/n/nwl/n/n/E/n,292,194,tomaskazemekas,9/9/2016 7:35
10879297,GNU on Smartphones (part II),http://cascardo.eti.br/blog/GNU_on_Smartphones_part_II/,7,1,g1n016399,1/11/2016 7:07
11840985,Reasons why I moved to Switzerland,https://medium.com/@iwaninzurich/eight-reasons-why-i-moved-to-switzerland-to-work-in-it-c7ac18af4f90#.r4jjiupzk,8,1,shawndumas,6/5/2016 14:01
12180446,On the boundaries of GPL enforcement,https://lwn.net/Articles/694890/,75,23,sciurus,7/28/2016 14:34
10564081,Startup uses fake ridesharing job ads to trick users into applying for car loans,https://pando.com/2015/11/13/cuban-backed-breeze-uses-fake-ridesharing-job-ads-trick-users-applying-car-loans/733132b46a4b9dc21177b83e16b7e85db4197c46/,10,1,Geekette,11/14/2015 2:18
10430862,A small British firm shows that software bugs aren't inevitable (2005),http://spectrum.ieee.org/computing/software/the-exterminators,55,58,cjg,10/22/2015 7:26
12563308,DockerHub seems down with a 503,http://isitdownorjust.me/hub-docker-com/,3,1,hashfyre,9/23/2016 9:18
11040992,Barcode recovery using a priori constraints,http://www.windytan.com/2016/02/barcode-recovery-using-priori.html?m=1,2,5,gvb,2/5/2016 12:39
11128299,Code of Conduct for DigitalOcean's Engineering Team,https://github.com/digitalocean/engineering-code-of-conduct,8,3,fweespeech,2/18/2016 19:00
11444312,Apply HN: Hire neighborhood students to do your chores while you bloviate online,http://www.runnr.ca,2,1,studentrunnr,4/7/2016 2:45
10461525,Show HN: Natural Language Time Zone Converter,https://slashtz.com,8,3,hpoydar,10/27/2015 22:08
12501036,Researchers achieve speech recognition milestone,http://blogs.microsoft.com/next/2016/09/13/microsoft-researchers-achieve-speech-recognition-milestone/,210,135,gzweig,9/14/2016 20:41
10249238,The Fake Meat Revolution,http://www.nytimes.com/2015/09/20/opinion/sunday/nicholas-kristof-the-fake-meat-revolution.html,48,69,noondip,9/20/2015 21:35
11885119,Emails Show Unqualified Clinton Foundation Donor Appointed to Intel Board,http://www.realclearpolitics.com/video/2016/06/10/abcs_brian_ross_do_newly_released_clinton_emails_show_quid_pro_quo.html,6,1,ZoeZoeBee,6/11/2016 20:13
10974009,Disabling npm's progress bar yields a 2x npm install speed,https://twitter.com/gavinjoyce/status/691773956144119808/photo/1,6,1,wanda,1/26/2016 15:56
10613454,Any Open-Sourced Style Guides?,,15,10,rahulgulati,11/23/2015 8:37
10868686,"Why We Hire Great Developers, Not Great Mobile Developers",https://medium.com/runkeeper-everyone-every-run/why-we-hire-great-developers-not-great-mobile-developers-98acf14112d5#.5zn08imsu,67,73,astigsen,1/8/2016 22:06
10705312,Show HN: Unofficial Tinder Client for Apple TV,http://thnkdev.com/Fire/,5,2,jshchnz,12/9/2015 17:51
12341485,The Genius of James Brown,http://www.nybooks.com/articles/2016/08/18/genius-of-james-brown/,53,13,tintinnabula,8/23/2016 4:52
12352636,Show HN: Hire JavaScript - Top JavaScript Talent,https://www.hirejs.com/,1,1,eibrahim,8/24/2016 15:16
11006668,India may pull plug on Facebooks bid to offer free Internet service,http://america.aljazeera.com/articles/2016/1/28/india-internetorg-ruling.html,2,2,giis,1/31/2016 15:31
10206083,What Can Happen in the Course of Vulnerability Disclosure,http://www.insinuator.net/2015/09/sending-mixed-signals-what-can-happen-in-the-course-of-vulnerability-disclosure/,38,6,edwinjm,9/11/2015 20:46
10912392,Ask HN: What Products/Segments need an open source Alternative?,,11,3,bhanu423,1/15/2016 21:47
11801065,What Book Has the Most Page-For-Page Wisdom?,https://www.farnamstreetblog.com/2014/10/the-most-page-for-page-wisdom/,2,1,miraj,5/30/2016 12:55
11344166,Designing for Performance now available for free,http://designingforperformance.com/,2,1,nerdy,3/23/2016 13:26
12325933,Sad Trombone Exoplanet Reality Check,http://www.antipope.org/charlie/blog-static/2016/08/san-trombone-exoplanet-reality.html,151,195,cstross,8/20/2016 10:12
10390822,How is NSA breaking so much crypto?,https://freedom-to-tinker.com/blog/haldermanheninger/how-is-nsa-breaking-so-much-crypto/,1005,246,sohkamyung,10/15/2015 1:43
10943801,Tech's frightful 5 will dominate the near future,http://mobile.nytimes.com/2016/01/21/technology/techs-frightful-5-will-dominate-digital-life-for-foreseeable-future.html,1,1,eric-hu,1/21/2016 7:04
11420819,Lost plans for Wright brothers Flying Machine found after 36 years,https://www.washingtonpost.com/local/lost-plans-for-wright-brothers-flying-machine-found-after-36-years/2016/04/02/e526fd56-f6b2-11e5-9804-537defcc3cf6_story.html,57,6,rayascott,4/4/2016 10:58
12414859,App Store Subscriptions,https://developer.apple.com/app-store/subscriptions/,130,99,dirtyaura,9/2/2016 17:57
12398362,Safe Retirement Spending Using TensorFlow,http://blog.streeteye.com/blog/2016/08/safe-retirement-spending-using-certainty-equivalent-cash-flow-and-tensorflow/,180,76,RockyMcNuts,8/31/2016 14:05
12377923,The origins of the Nazis secret horse breeding project,https://blog.longreads.com/2016/08/23/the-secret-nazi-attempt-to-breed-the-perfect-horse/,47,40,Hooke,8/28/2016 19:02
11280720,Android AOSP Platform Linux Init.rc Startup Code Trace,http://www.srcmap.org/sd_share/7/f772faae/Android_ASOP_Startup_Code_Trace.html,1,1,srcmap,3/14/2016 2:34
10398262,"Student disqualified for using stackoverflow, on stackoverflow",http://stackoverflow.com/questions/33156198/null-pointer-exception-when-splitting-to-string-array,6,1,charlieegan3,10/16/2015 9:23
10842931,"Toyota to Adopt Fords Entertainment Software to Fend Off Google, Apple",http://recode.net/2016/01/04/ford-gets-toyota-to-adopt-its-in-dash-entertainment-software-others-considering/,3,1,ilamont,1/5/2016 12:46
11400719,Newly Discovered Star Has an Almost Pure Oxygen Atmosphere,http://www.popularmechanics.com/space/deep-space/a20213/newly-discovered-star-has-an-almost-pure-oxygen-atmosphere/,7,2,renatopp,3/31/2016 21:33
12185845,We Should Not Accept Scientific Results That Have Not Been Repeated,http://nautil.us/blog/we-should-not-accept-scientific-results-that-have-not-been-repeated,910,275,dnetesn,7/29/2016 10:08
10693825,Is the Future of Music a Chip in Your Brain?,http://www.wsj.com/articles/is-the-future-of-music-a-chip-in-your-brain-1449505111,22,26,jonbaer,12/8/2015 0:09
11534851,"In Japan, an artificial intelligence has been appointed creative director",http://www.springwise.com/japan-artificial-intelligence-appointed-creative-director,43,11,pmcpinto,4/20/2016 14:57
11240464,What's New in jQuery 3,http://developer.telerik.com/featured/whats-new-in-jquery-3/,2,1,nfriedly,3/7/2016 18:23
10405512,A 15-Year Series of Campaign Simulators,http://motherboard.vice.com/read/help-ive-been-making-hyper-real-political-campaign-simulators-for-15-years?utm_source=mbtwitter,39,1,coloneltcb,10/17/2015 18:40
10820832,"Background on the ""why"" behind our business model switch",http://www.youneedabudget.com/blog/post/the-new-ynab-business-model,2,1,Walkman,1/1/2016 2:13
10545626,Welsh village adopts multinational tax tactics,http://www.independent.co.uk/news/uk/crickhowell-welsh-town-moves-offshore-to-avoid-tax-on-local-business-a6728971.html,66,50,sofaofthedamned,11/11/2015 9:26
10396107,Crushing up pain pills and spitting out lives in West Virginia coal country,http://narrative.ly/falls-from-grace/crushing-up-pain-pills-and-spitting-out-lives-in-west-virginia-coal-country/,16,14,samclemens,10/15/2015 21:24
10560570,The DevOps Democracy,http://onc.al/UCfCx,8,1,angchappy,11/13/2015 16:14
10438082,"If Uber works, you might be less happy with your transport options",http://marginalrevolution.com/marginalrevolution/2015/10/if-uber-works-you-might-be-especially-unhappy-with-your-transport-options.html?utm_source=feedburner&utm_medium=feed&utm_campaign=Feed%3A+marginalrevolution%2Ffeed+%28Marginal+Revolution%29,16,64,yummyfajitas,10/23/2015 12:15
12262331,Who needs an architect?,http://www.yusufaytas.com/who-needs-architect/,2,1,yusufaytas,8/10/2016 15:11
11376947,Microsoft is Working on a New Bot Framework,https://www.petri.com/microsofts-working-new-bot-framework,1,2,nikolay,3/28/2016 20:05
10947211,"Microservices Practitioner Summit Livestream Featuring Uber, Netflix, and Others",http://microservices.com/,42,4,rschloming,1/21/2016 18:30
10763029,Why Pinterest just open-sourced new tools for the Elixir programming language,http://venturebeat.com/2015/12/18/pinterest-elixir/,9,1,mickael,12/19/2015 8:22
10190059,Show HN: Enboard.co,http://enboard.co/,4,2,epagamer,9/9/2015 6:41
10442122,Eclipse Attacks on Bitcoin's Peer-To-Peer Network,https://medium.com/mit-security-seminar/eclipse-attacks-on-bitcoin-s-peer-to-peer-network-e0da797302c2,40,5,ffwang2,10/24/2015 1:55
11347319,What to choose  web design or web development?,,2,2,Ingword,3/23/2016 19:09
11410749,Does Stress Speed Up Evolution?,http://nautil.us/issue/34/adaptation/does-stress-speed-up-evolution,46,13,dnetesn,4/2/2016 8:33
11253191,Google Improves Image Search with Freebase Identifiers,http://www.seobythesea.com/2016/01/image-search-trends-freebase-entity-numbers/,19,3,PaulHoule,3/9/2016 14:41
11654961,Frasier on the Electron Microscope,https://www.youtube.com/watch?v=nS41-JeZ3EE,1,1,mouzogu,5/8/2016 18:01
10592934,Ask HN: Is college even worth it if you're worth your salt as a programmer?,,12,29,frame_perfect,11/19/2015 5:33
11217987,"Etsy CTO: We Need Software Engineers, Not Developers",http://thenewstack.io/etsy-cto-qa-need-software-engineers-not-developers/,196,152,joabj,3/3/2016 16:40
10291527,The College President-To-Adjunct Pay Ratio,http://www.theatlantic.com/education/archive/2015/09/income-inequality-in-higher-education-the-college-president-to-adjunct-pay-ratio/407029/?single_page=true,64,24,luu,9/28/2015 17:08
10811007,Your web / back end stack for 2016?,,2,3,playing_colours,12/30/2015 6:15
10413570,Facebook Relay: An Evil And/Or Incompetent Attack on REST,https://www.pandastrike.com/posts/20151015-rest-vs-relay,188,143,mwcampbell,10/19/2015 15:39
10245275,The Box: A Replacement for Files (1999),http://lsub.org/who/nemo/export/2kblocks/?hn,8,3,vezzy-fnord,9/19/2015 19:21
10766005,Ask HN: Look for help order and deliver birthday cake in SF,,1,2,singularitynear,12/20/2015 3:59
10396159,Ask HN: What's the one thing you've always wanted to learn?,,8,20,alexgpark,10/15/2015 21:34
10188900,New in Linux 4.3: Ambient capabilities,https://git.kernel.org/cgit/linux/kernel/git/torvalds/linux.git/commit?id=58319057b7847667f0c9585b9de0e8932b0fdb08,6,1,amluto,9/9/2015 0:00
10736929,Disposable emails for safe spam free shopping,http://couponinbox.com,1,1,genesem,12/15/2015 10:20
10792583,Perl 6.0 Released,https://perl6advent.wordpress.com/2015/12/25/christmas-is-here/,50,2,hankache,12/25/2015 22:37
11682123,A Brain Dump of What I Worked on for Uncharted 4,http://allenchou.net/2016/05/a-brain-dump-of-what-i-worked-on-for-uncharted-4/,304,48,phodo,5/12/2016 8:33
10468457,Asqway  ask questions and get recommendations,https://itunes.apple.com/app/asqway/id1039694793?ls=1&mt=8,1,1,pratim,10/29/2015 0:33
12168703,Why Dropping the Trans-Pacific Partnership May Be a Bad Idea,http://www.nytimes.com/2016/07/27/business/economy/why-dropping-the-trans-pacific-partnership-may-be-a-bad-idea.html?em_pos=small&emc=edit_dk_20160726&nl=dealbook&nl_art=3&nlid=65508833&ref=headline&te=1,1,2,JumpCrisscross,7/26/2016 21:02
12525973,Apache Joshua Incubating: statistical machine translation decoder 4 phrase-based,https://cwiki.apache.org/confluence/display/JOSHUA/Apache+Joshua+%28Incubating%29+Home,1,1,based2,9/18/2016 16:47
12259083,"Show HN: Shapefly|Must Have Free Software Online About Diagram,Flowcharts&Shapes",http://shapefly.com/,4,1,zzzhan,8/10/2016 2:14
10645584,Atom package that makes you feel like a god,https://atom.io/packages/rumble,1,1,jonahugger,11/29/2015 18:57
11281113,Maxed Out: A Closer Look at Coffee Consumption in Finland,http://nordiccoffeeculture.com/maxed-out-a-closer-look-at-coffee-consumption-in-finland/,2,2,pizza,3/14/2016 4:39
10360285,Four more carmakers join diesel emissions row,http://www.theguardian.com/environment/2015/oct/09/mercedes-honda-mazda-mitsubishi-diesel-emissions-row?CMP=twt_gu,119,68,gt565k,10/9/2015 14:41
12055042,Facebook to Add End-To-End Encrypted Secret Conversations to Messenger App,http://www.nytimes.com/2016/07/09/technology/facebook-messenger-app-encryption.html,97,180,envy2,7/8/2016 12:40
11928286,"Imagine yourself starting, not finishing",http://shyal.com/blog/a-simple-mind-hack-that-helps-beat-procrastination,243,62,shdc,6/18/2016 12:36
10357207,What's Lost When Most People Work from Home,http://www.theatlantic.com/business/archive/2015/10/whats-lost-in-the-office-when-most-people-work-from-home/409666/?single_page=true,28,49,bootload,10/8/2015 23:52
12212037,"Show HN: Make Your Own Custom Map Chart of World, Europe, United States and More",http://mapchart.net/,2,1,whiplashoo,8/2/2016 18:27
11183404,"Ask HN: How do you track FOSS releases, changelogs?",,4,3,andrewstuart2,2/26/2016 19:20
10562152,"The Invention of Nature:  Alexander von Humboldt, the Lost Hero of Science",http://www.theguardian.com/books/2015/nov/13/the-invention-of-nature-the-adventures-of-alexander-von-humboldt-andrea-wulf-review,23,1,Hooke,11/13/2015 20:19
11876619,"Baby Bust: 2015 had lowest U.S. fertility rate ever, down 600,000 births",http://www.washingtonexaminer.com/baby-bust-2015-had-lowest-u.s.-fertility-rate-ever-down-600000-births/article/2593554,2,1,randomname2,6/10/2016 14:34
12211782,Ask HN: Hiring first employee for my startup. What documents need to be signed?,,2,3,dimasf,8/2/2016 18:00
12184855,Show HN: What do you think of my Mongo Logs Utility?,https://worktheme.com/,8,3,data37,7/29/2016 3:19
12100964,Inky: Secure Email Made Easy,http://inky.com/,5,2,tilt,7/15/2016 13:59
12047485,Minnesota woman broadcasts police stop and shooting on Facebook Live,https://www.facebook.com/100007611243538/videos/1690073837922975/?pnref=story,138,117,_pius,7/7/2016 4:29
11570623,Uber for fashion models? $20B industry is still very old-fashioned,https://www.techinasia.com/talk/uber-fashion-models-20b-industry-oldfashioned,2,1,williswee,4/26/2016 10:06
11140797,San Bernardino County tweets it reset attacker iCloud password at FBI's request,http://www.sbsun.com/general-news/20160219/san-bernardino-county-tweets-it-reset-terrorists-icloud-password-with-fbi,381,170,randomname2,2/20/2016 16:49
10183386,Show HN: ReadThisThing  One fantastic piece of journalism in your inbox daily,http://readthisthing.com#,3,1,awwstn,9/7/2015 22:51
12504568,"In offices of the future, sensors may track your every move  even in the toilet",https://www.theguardian.com/careers/2016/sep/15/in-offices-of-the-future-sensors-may-track-your-every-move-even-in-the-bathroom,7,2,luisramalho,9/15/2016 9:29
10490804,"Declassified CIA documents detail how to sabotage employers, annoy bosses",http://www.independent.co.uk/news/world/americas/declassified-cia-documents-detail-how-to-sabotage-employers-annoy-bosses-a6716961.html,87,21,robinwarren,11/2/2015 9:11
10631052,Why can't I write the word 'tv' on the iOS Messages app?,https://github.com/tomj/iphone_tv_messages,3,8,nstj,11/26/2015 3:10
12008786,Programming in D: A Happy Accident,http://dlang.org/blog/2016/06/29/programming-in-d-a-happy-accident/,3,1,yarapavan,6/30/2016 14:31
11119657,White students undergo 'deconstructing whiteness' program Northwestern Univ,http://www.thecollegefix.com/post/26279/,8,6,eplanit,2/17/2016 17:47
11439097,Should Sublime Text goes open source to save itself from falling?,,2,2,alarbi,4/6/2016 14:47
12175930,"By November, Russian hackers could target voting machines",https://www.washingtonpost.com/posteverything/wp/2016/07/27/by-november-russian-hackers-could-target-voting-machines/?postshare=3971469647898918&tid=ss_tw-bottom,1,2,DyslexicAtheist,7/27/2016 19:45
11271917,Hunter2  a script-oriented GPG + smartcard-based multiuser password manager,https://chiselapp.com/user/rkeene/repository/hunter2/doc/trunk/README.md,18,6,networked,3/12/2016 8:35
11189320,"Ask HN: teaching basic coding and web design offline, solely via iOS devices?",,32,33,benbreen,2/28/2016 1:24
10909510,Cover Letters: Always Send One,http://blog.doismellburning.co.uk/cover-letters-always-send-one/,30,20,mostlystatic,1/15/2016 14:35
11816462,"Branwell BrontÃ« died standing up leaning against a mantelpiece, to prove a point",https://en.wikipedia.org/wiki/Branwell_Bront%C3%AB,1,1,neilellis,6/1/2016 17:39
10893151,Ask HN: Please validate my business idea,,1,5,springboard,1/13/2016 9:12
11376394,How to remove conflict from conversations when people doubt or challenge you,https://www.reddit.com/r/everymanshouldknow/comments/2yvlbo/emsk_how_to_remove_conflict_from_conversations/,68,25,mgdo,3/28/2016 18:50
10688970,The Isis papers: leaked documents show how Isis is building its state,http://www.theguardian.com/world/2015/dec/07/leaked-isis-document-reveals-plan-building-state-syria,3,1,callumlocke,12/7/2015 12:25
11862786,DNS: Basic Concepts (2013),https://www.petekeen.net/dns-the-good-parts,162,62,rhubarbcustard,6/8/2016 15:16
10864527,Microsoft is building its own SIM card for Windows,http://www.theverge.com/2016/1/7/10734648/microsoft-sim-card-cellular-data,4,2,lelf,1/8/2016 13:02
11589092,VW C.E.O. Personally Apologized to President Obama in Plea for Mercy,http://www.nytimes.com/2016/04/29/business/international/volkswagen-legal-costs-emissions-cheating.html,1,1,KKKKkkkk1,4/28/2016 14:30
11212664,Optimize your content for emotion and persuasion with CopyAwesome.com,http://copyawesome.com,1,1,bickov,3/2/2016 20:15
10350514,What is the most unlimited vacation a person has ever taken?,https://www.quora.com/What-is-the-most-unlimited-vacation-a-person-has-ever-taken-utilizing-their-unlimited-vacation-policy?share=1,9,1,justinzollars,10/8/2015 2:17
10695045,Swift package manager,https://github.com/apple/swift-package-manager,69,26,famoreira,12/8/2015 5:57
10864258,RebelBB: forum written in Rebol (source code),http://www.digicamsoft.com/cgi-bin/rebelBB.cgi?code=1,3,1,vmorgulis,1/8/2016 11:55
10631169,Engineers Nine Times More Likely Than Expected to Become Terrorists,https://www.washingtonpost.com/news/monkey-cage/wp/2015/11/17/this-is-the-group-thats-surprisingly-prone-to-violent-extremism/,36,37,richardboegli,11/26/2015 3:51
10405393,Spinning Up a Spark Cluster on Spot Instances: Step by Step,http://insightdataengineering.com/blog/sparkdevops/,37,10,ddrum001,10/17/2015 18:07
10299633,Each Facebook User Represented $10.03 in Ad Revenue in 2014,http://www.adweek.com/socialtimes/emarketer-social-network-ad-revenue/627457,2,1,rlalwani,9/29/2015 21:06
11659370,Beyond crisis: four ways public relations can reinvent itself,http://www.forbes.com/sites/berlinschoolofcreativeleadership/2016/04/29/beyond-crisis-four-ways-public-relations-can-reinvent-itself/#ace31fd3e714,3,2,ioanarebeca,5/9/2016 12:48
11809618,The Gig Economy Is a Rigged Economy,http://themodernteam.com/gig-economy-rigged-economy/,10,1,cameronconaway,5/31/2016 19:52
10454760,Is social network analysis a good product idea for a startup?,,2,4,andrew_eit,10/26/2015 21:55
11667187,The New 10-Year Vesting Schedule,https://zachholman.com/posts/the-new-10-year-vesting-schedule?sr_share=facebook,3,1,genieyclo,5/10/2016 14:01
12500621,The new C standards are worth it,http://lemire.me/blog/2016/09/14/the-new-c-standards-are-worth-it/,4,1,ingve,9/14/2016 19:48
12377393,"There are no particles, there are only fields (2012)",https://arxiv.org/abs/1204.4616,294,199,monort,8/28/2016 17:25
12512154,Some questions about Docker and rkt,http://jvns.ca/blog/2016/09/15/whats-up-with-containers-docker-and-rkt/,187,86,deafcalculus,9/16/2016 6:02
10414044,Venture Outlook 2016,http://www.bothsidesofthetable.com/2015/10/18/venture-outlook-2016/,37,5,rcarrigan87,10/19/2015 16:46
10944435,We Analyzed 1M Google Search Results. Heres What We Learned About SEO,http://backlinko.com/search-engine-ranking,2,1,mohitgangrade,1/21/2016 10:44
11210177,Strokes: Let's pretend D3 was written in ClojureScript,https://github.com/dribnet/strokes,46,19,sebg,3/2/2016 14:45
10633017,"Today's world is amd64, armv7, and soon aarch64. Everything else is dead",http://pastebin.com/W9RbUUN1,153,75,tbirdz,11/26/2015 14:10
10382348,It's Financial Suicide to Own a House,http://www.jamesaltucher.com/2015/10/own-house/,3,4,jessaustin,10/13/2015 18:16
10431522,Kits Make Tinkerers Home-Automation Dreams Come True,http://www.wsj.com/articles/kits-make-tinkerers-home-automation-dreams-come-true-1444870383,46,57,fawce,10/22/2015 11:10
10561017,Civil Forfeiture and the Supreme Court (2014),http://www.economist.com/blogs/democracyinamerica/2014/02/civil-liberties-and-supreme-court?foo=bar,67,44,martincmartin,11/13/2015 17:25
12465243,Apple  Don't Blink [video],https://m.youtube.com/watch?v=GeoUELDgyM4,3,1,csl,9/9/2016 19:13
11431128,Tor exit node operator gets raided by police,http://www.npr.org/sections/alltechconsidered/2016/04/04/472992023/when-a-dark-web-volunteer-gets-raided-by-the-police,220,201,morninj,4/5/2016 15:29
10791695,The Marriages of Power Couples Reinforce Income Inequality,http://www.nytimes.com/2015/12/27/upshot/marriages-of-power-couples-reinforce-income-inequality.html,35,34,Futurebot,12/25/2015 17:25
10638777,UK ISP boss points out technical flaws in Investigatory Powers Bill,http://arstechnica.com/tech-policy/2015/11/uk-isp-boss-points-out-massive-technical-flaws-in-investigatory-powers-bill/,20,4,cmsefton,11/27/2015 20:47
11641004,Ask HN: Where do you want your tax dollars spent?,,1,4,lollinghard,5/6/2016 1:14
12530215,How I gained access to TMobiles national network for free,https://medium.com/@jacobajit/how-i-gained-access-to-tmobiles-national-network-for-free-f9aaf9273dea#.mkcj8ga3t,62,10,cujanovic,9/19/2016 10:21
11175593,Bad UI design features that are in common use today,https://stayintech.com/info/uidesign,4,2,userium,2/25/2016 16:40
12573228,What are the FLOSS community's answers to Siri and AI?,,16,7,jernst,9/25/2016 0:18
11959103,Hyperinflation in America: The End of Grades?,http://www.mansharamani.com/articles/hyperinflation-in-america-the-end-of-grades/,96,155,wallflower,6/23/2016 5:50
10729776,Postmortem: Outage due to Elasticsearchs flexibility and our carelessness,http://lambda.grofers.com/2015/12/14/postmortem-of-our-app-downtime-elasticsearchs-flexibility-bites/,78,27,vaidik,12/14/2015 7:08
10662982,Parents naming their babies after Instagram photo filters,http://recode.net/2015/12/01/stop-naming-your-kids-after-instagram-filters-really/,2,1,jamessun,12/2/2015 14:12
10616743,Slack is down,https://slack.com/,94,56,napsterbr,11/23/2015 19:39
10621410,What I Learned From Blowing An Interview,http://braythwayt.com/2015/11/23/blowing-an-interview.html,131,120,braythwayt,11/24/2015 15:54
11812033,Time to ban coffee? How values dictate our use of precaution,https://risk-monger.com/2016/06/01/time-to-ban-coffee-how-values-dictate-our-use-of-precaution/,4,1,okket,6/1/2016 4:19
10812096,Non-Unique SSH Host Keys Ed25519 on Hetzner,http://wiki.hetzner.de/index.php/Ed25519/en,127,58,jonaslejon,12/30/2015 14:15
11960858,Ask HN: How to handle staging environments?,,8,7,fabianlindfors,6/23/2016 13:59
12381585,"A federal carbon tax is imminent in the USA, and Exxon is pushing it",https://electrek.co/2016/08/29/a-federal-carbon-tax-is-imminent-in-the-usa-and-exxon-is-pushing-it/,75,84,acusticthoughts,8/29/2016 13:10
12031831,China has built a telescope the size of 30 soccer fields to look for aliens,http://www.theverge.com/2016/7/4/12093384/china-world-largest-radio-telescope-complete,7,1,doener,7/4/2016 17:07
11625513,"Weatherspark's incredible, intuitive, mind-blowing dashboard is gone",https://weatherspark.com/#deprecated,10,5,daltonlp,5/4/2016 1:22
10620525,The History of SQL Injection,http://motherboard.vice.com/read/the-history-of-sql-injection-the-hack-that-will-never-go-away,38,9,kawera,11/24/2015 13:25
10565093,Test if your site runs on HTTP/2,http://http2check.me,2,1,velmu,11/14/2015 9:35
11602552,"Ask HN: Question from a luddite re: cookies/web tracking, particularly by Criteo",,3,11,corvallis,4/30/2016 17:21
11622457,"Show HN: My Weekend Hack  WatchDog, look over your laptop while you're away",https://www.wtchdg.com,2,1,zaytoun,5/3/2016 17:12
11256705,[video] Google Self-Driving SUV Sideswipes Bus,http://www.nbcbayarea.com/news/local/VIDEO-Google-Self-Driving-SUV-hits-a-bus-while-being-tested-on-Valentines-Day-in-Mountain-View-California---371541711.html,2,1,philip1209,3/10/2016 0:40
10421168,Ask HN: Tax implications of becoming a full time remote employee,,1,1,gearoidoc,10/20/2015 19:21
10243123,Bank of England's Chief Economist suggests ditching cash for cryptocurrency,http://finextra.com/news/fullstory.aspx?newsitemid=27870,13,5,herendin,9/19/2015 2:57
11460795,GoPro goes all-in on VR without a winning hand,http://techcrunch.com/2016/04/07/gopro-goes-vr/,6,2,findher,4/9/2016 10:57
10584488,Show HN: Micromort Calculator,http://rorystolzenberg.github.io/micromort-calculator/,1,1,rory096,11/17/2015 22:33
12043057,"Show HN: FlightBot, a Messenger bot designed for pilots",https://www.facebook.com/FlightBot,1,1,MironV,7/6/2016 13:56
10447059,Ask HN: Getting Clients That Are Clients of Another Agency,,6,9,hanniabu,10/25/2015 15:09
11207316,Scott Kelly Reflects on His Year Off the Planet,http://www.npr.org/2016/03/01/468239527/scott-kelly-reflects-on-his-year-off-the-planet,3,1,t23,3/2/2016 0:26
11628475,Ask HN: Why did Andrej Karpathy take down the Stanford CS231n videos?,,3,2,max_,5/4/2016 14:14
11729545,The math that shows autonomous vehicles powered by solar power are inevitable,http://electrek.co/2016/05/19/the-math-and-evidence-all-around-you-that-shows-shared-autonomous-vehicles-powered-by-solar-power-and-batteries-are-inevitable/,3,2,jeromeflipo,5/19/2016 12:13
12115051,Httpoxy  A CGI application vulnerability,https://httpoxy.org/,153,46,omribahumi,7/18/2016 14:00
10703579,SHA-1 Deprecation: No Browser Left Behind,https://blog.cloudflare.com/sha-1-deprecation-no-browser-left-behind,16,2,jgrahamc,12/9/2015 14:00
10332244,"Yale launches an archive of 170,000 Depression-era photos",http://photogrammar.yale.edu/,1,1,janvdberg,10/5/2015 15:05
12095261,Did Oil Kill the Dinosaurs?,http://www.newyorker.com/tech/elements/darkness-falls-on-the-dinosaurs,38,17,anthotny,7/14/2016 16:34
10179775,Suicide on Campus and the Pressure of Perfection,http://www.nytimes.com/2015/08/02/education/edlife/stress-social-media-and-suicide-on-campus.html,57,27,DrScump,9/7/2015 1:50
10733963,Where U.S. Brainpower Tends to Cluster,http://www.citylab.com/work/2015/12/where-us-brainpower-tends-to-cluster/420102/,29,29,smollett,12/14/2015 21:20
11018653,"Owner of photobomb horse demands share of Â£2,000 selfie prize",http://www.theguardian.com/uk-news/2016/feb/02/owner-photobomb-horse-demands-share-2000-selfie-prize,3,1,rayascott,2/2/2016 10:36
12352835,Britains New Spy Planes Are Practically Spacecraft,https://warisboring.com/britains-new-spy-planes-are-practically-spacecraft-8f90587efbed#.p45agticl,7,2,vinnyglennon,8/24/2016 15:43
10462004,Walgreens announces deal to buy Rite Aid for $9 a share,http://www.cnbc.com/2015/10/27/walgreens-announces-deal-to-buy-rite-aid-for-9-a-share.html,63,74,skhatri11,10/27/2015 23:45
11003899,CIA planned rendition operation to kidnap Edward Snowden,https://www.wsws.org/en/articles/2016/01/30/snow-j30.html,492,202,kushti,1/30/2016 21:45
10657510,Airbnb Releases Trove of New York City Home-Sharing Data,http://www.nytimes.com/2015/12/02/technology/airbnb-releases-trove-of-new-york-city-home-sharing-data.html,5,3,uptown,12/1/2015 18:13
10301554,Pentesterlab Tutorial  SQL injection to web admin console to getting a shell,https://pentesterlab.com/exercises/from_sqli_to_shell,2,1,pentestercrab,9/30/2015 3:32
11958244,"Phoenix Focuses on Rebuilding Downtown, Wooing Silicon Valley",http://www.nytimes.com/2016/06/19/us/phoenix-focuses-on-rebuilding-downtown-wooing-silicon-valley.html?mabReward=CTM&action=click&pgtype=Homepage&region=CColumn&module=Recommendation&src=rechp&WT.nav=RecEngine&_r=0,1,1,jseliger,6/23/2016 1:09
10785546,Ask HN: Things you created in 2015?,,26,37,thecosas,12/23/2015 20:48
11815678,Ask HN: Has TeamViewer has been compromised?,,3,1,joenathan,6/1/2016 16:19
12067533,Ask HN: Imagine it's 1993  what would you put in an MVP web browser?,,3,2,hoodoof,7/10/2016 22:19
10415744,Computer Utopias,http://chrisnovello.com/teaching/risd/computer-utopias/,59,10,jonathanedwards,10/19/2015 21:05
11520099,Rise of the Trollbots,http://www.antipope.org/charlie/blog-static/2016/04/rise-of-the-trollbot.html,6,1,thenomad,4/18/2016 14:25
11950382,Ask HN: What was the name of this contact app?,,1,4,l1n,6/21/2016 23:40
10799116,No end in sight as repair work on California's sinking land costs billions,http://www.theguardian.com/us-news/2015/dec/27/california-central-valley-land-sinking-subsidence-drought,1,1,cryoshon,12/27/2015 23:27
11561001,Ask HN: What are the components needed to make a web API?,,2,1,aryamaan,4/24/2016 19:36
11751812,"2 Mount Everest climbers die of altitude sickness, 2 others missing",http://www.nola.com/outdoors/index.ssf/2016/05/mount_everest_deaths_missing_t.html,10,3,SCAQTony,5/23/2016 4:10
11028120,Show HN: EnQ reduces on-hold time with the IRS from hours to minutes,https://callenq.com/,1,4,callenq,2/3/2016 17:59
11192057,Civic Tech Needs of San Francisco,http://startupinresidence.org/about/city-challenges/san-francisco-challenges/,2,1,ajiang,2/28/2016 19:45
11735075,Ask HN: Any coding bootcamps that you recommend?,,1,1,soneca,5/20/2016 1:26
12075157,Comparing the Top Five Computer Vision APIs,https://goberoi.com/comparing-the-top-five-computer-vision-apis-98e3e3d7c647,29,2,goberoi,7/11/2016 22:07
12526344,In The Zone,http://quoteinvestigator.com/2016/09/16/zone/,71,10,dang,9/18/2016 18:09
10597648,Vo Trong Nghia Architects  S-House 2,http://votrongnghia.com/projects/s-house-2/,15,3,ph0rque,11/19/2015 21:03
11895088,"Unikernel Power Comes to Java, Node.js, Go, and Python Apps",http://www.infoworld.com/article/3082051/open-source-tools/unikernel-power-comes-to-java-nodejs-go-and-python-apps.html,3,1,syslandscape,6/13/2016 16:23
10602666,Validate your ideas fast and free,http://pitch.munichtrading.com,2,2,l7l,11/20/2015 18:00
11837178,GitHub Dark 2.0  Browse GitHub in nighttime mode,https://cquanu.github.io/github-dark/?ref=hackernewsv2,4,1,cquanu,6/4/2016 17:50
10720377,Whisply by Boxcryptor  Secure File Transfer,https://whisp.ly/,5,2,nikolay,12/11/2015 21:56
11774938,Just How Accurate Are Fitbits? The Jury Is Out,http://www.nytimes.com/2016/05/26/technology/personaltech/fitbit-accuracy.html,2,1,adamsi,5/26/2016 2:45
10954168,"Show HN: I failed for a weekend project, here is my 5 days side project",,6,5,diegoloop,1/22/2016 17:30
12222822,Self-Driving Car Engineer Nanodegree,https://www.udacity.com/course/self-driving-car-engineer-nanodegree--nd013,14,7,olivercameron,8/4/2016 1:47
11530304,What convolutional neural networks look at when they see nudity,http://blog.clarifai.com/what-convolutional-neural-networks-see-at-when-they-see-nudity/,428,155,rcpt,4/19/2016 20:53
10980715,Moz raises $10m Series C from Foundry Group,https://moz.com/blog/moz-announces-10-million-financing-round,3,1,Roedou,1/27/2016 15:59
12052321,New Directions in Cryptography by Diffie and Hellman (1976) [pdf],https://www-ee.stanford.edu/~hellman/publications/24.pdf,68,13,maverick_iceman,7/7/2016 21:56
11421977,Show HN: Quantitative user research reveals useful UX observation on LinkedIn,http://canvasflip.com/blog/index.php/2016/04/02/ux-insights-linkedin-app-prototype-canvasflip/,2,1,vipul4vb,4/4/2016 14:12
10640753,A look at Darktable 2.0,https://lwn.net/Articles/663805/,64,10,liotier,11/28/2015 11:11
11052157,Show HN: Curated List of Awesome Products Made by Female Founders,https://github.com/softvar/awesome-products-by-women,5,2,softvar,2/7/2016 8:19
11906403,The Story of Haskell at IMVU,https://chadaustin.me/2016/06/the-story-of-haskell-at-imvu/,210,165,adamnemecek,6/15/2016 0:16
11847163,Mailtrain (the open source Mailchimp clone) is getting automation support,https://mailtrain.org/archive/SJoYB3MN/EysIv8sAx/SklBfpME?fixed=true,12,3,andris9,6/6/2016 14:49
10657859,Developing a computational pipeline using the asyncio module in Python 3,http://www.pythonsandbarracudas.com/blog/2015/11/22/developing-a-computational-pipeline-using-the-asyncio-module-in-python-3,57,12,jaxondu,12/1/2015 19:02
10921901,Fruit Walls: Urban Farming in the 1600s,http://www.lowtechmagazine.com/2015/12/fruit-walls-urban-farming.html,100,11,bootload,1/18/2016 0:52
12381480,Why we switched from DynamoDB back to RDS before we even released,http://codebarrel.io/blog/2016/8/29/why-we-switched-from-dynamodb-back-to-rds-before-we-even-released,3,1,nimbus007,8/29/2016 12:49
12497108,All New Amazon Echo Dot,https://smile.amazon.com/dp/B01DFKC2SO?ref_=pe_1840220_207574400_ods_Email_Home_DR_crm_EchoDotlaunch,121,136,johnwheeler,9/14/2016 14:23
11527671,Why is there a screen that says It is now safe to turn off your computer?,https://blogs.msdn.microsoft.com/oldnewthing/20160419-00/?p=93315,99,44,ingve,4/19/2016 15:33
12168746,User forked UnrealEngine on GitHub and gave write and subscribed everyone ~100K,https://github.com/teardemon/UnrealEngine/commit/e3c33a1a72a1b1edffcd4680f2b49fed19d465f2,28,13,stedaniels,7/26/2016 21:09
10573168,The Microcomplaint: Nothing Too Small to Whine About,http://www.nytimes.com/2015/11/15/fashion/the-microcomplaint-nothing-too-small-to-whine-about.html,57,67,bootload,11/16/2015 7:57
11398211,"With Gigs Instead of Jobs, Workers Bear New Burdens",http://www.nytimes.com/2016/03/31/upshot/contractors-and-temps-accounted-for-all-of-the-growth-in-employment-in-the-last-decade.html?hp&action=click&pgtype=Homepage&clickSource=story-heading&module=second-column-region&region=top-news&WT.nav=top-news,1,1,Futurebot,3/31/2016 16:09
11546882,MongoDB Twitter Spam Campaign,http://imgur.com/a/iY5C7,1,1,snurk,4/22/2016 3:29
11211381,Tailing the MongoDB Replica Set Oplog with Scala and Akka Stream,http://khamrakulov.de/tailing_the_mongodb_replica_set_oplog_with_scala_and_akka_streams/,32,7,timkham,3/2/2016 17:25
12268516,Google isnt safe from Yahoos fate,https://techcrunch.com/2016/08/11/google-isnt-safe-from-yahoos-fate/,40,43,dineshp2,8/11/2016 14:32
10792206,Linode is having an outage?,,8,3,ambiate,12/25/2015 20:08
10570344,Toenail clippings stashed in Harvard basement could hold clues about cancer,http://www.statnews.com/2015/11/11/trove-of-toenails-stashed-in-freezers-could-hold-clues-for-cancer-research/,6,3,Amorymeltzer,11/15/2015 17:55
11825880,Germany declares 1915 Armenian killings a genocide,http://edition.cnn.com/2016/06/02/europe/germany-turkey-armenian-genocide/,18,4,wslh,6/2/2016 20:43
10662263,Facebook is not worth $33B (2010),https://signalvnoise.com/posts/2585-facebook-is-not-worth-33000000000,6,5,rl12345,12/2/2015 11:09
11719543,Academics Make Theoretical Breakthrough in Random Number Generation,https://threatpost.com/academics-make-theoretical-breakthrough-in-random-number-generation/118150/,389,157,oolong_decaf,5/18/2016 3:36
12397136,Wallace and Gromit  The Great Train Chase (1993) [video],http://www.aardman.com/celebrating-40-years/the-great-train-chase/,67,19,sohkamyung,8/31/2016 9:42
11589022,The MakerBot Obituary,http://hackaday.com/2016/04/28/the-makerbot-obituary/,146,34,szczys,4/28/2016 14:20
12063660,"Show HN: A simpler, open-source, different kind of forum/message board",https://github.com/fiatjaf/stack-forum,11,2,fiatjaf,7/9/2016 22:35
12296556,Google Cloud EU: Understand Your VAT Setting Change,,3,1,ithkuil,8/16/2016 10:43
12383130,Hacker Shows Us How to Unlock a Laptop Using an NSA Tool [video],https://motherboard.vice.com/read/hacker-unlock-a-laptop-nsa-tool-slotscreamer,14,8,n3mes1s,8/29/2016 16:44
11461899,How Facebook turned itself into one of the worlds most influential tech giants,http://www.economist.com/news/briefing/21696507-social-network-has-turned-itself-one-worlds-most-influential-technology-giants,2,1,akman,4/9/2016 16:19
11223553,San Bernardino DA says seized iPhone may hold dormant cyber pathogen,http://arstechnica.com/tech-policy/2016/03/san-bernardino-da-says-seized-iphone-may-hold-dormant-cyber-pathogen/,5,3,robin_reala,3/4/2016 13:30
12096717,Eliminating some of the pain of long-lived feature branches,http://blog.launchdarkly.com/feature-branching-using-feature-flags/,14,1,pritianka,7/14/2016 19:52
11406513,Why It's Time to Ignore Fidelity's Startup Valuations,http://fortune.com/2016/03/31/its-time-to-ignore-fidelitys-startup-valuations/,14,4,prostoalex,4/1/2016 17:08
12116137,Employee #1: Airbnb,http://themacro.com/articles/2016/07/nick-grandy/,119,27,craigcannon,7/18/2016 16:34
12155207,Pangu released iOS 9.2-9.3.3 jailbreak,http://pangu.io,2,1,designorant,7/24/2016 22:27
11441963,Apply HN: Dribblr  app to organize pickup sports,,9,5,myroon5,4/6/2016 20:47
12248653,Should people over 40 work a three-day week?,https://www.theguardian.com/lifeandstyle/2016/aug/08/should-people-over-40-work-a-three-day-week,44,38,metafunctor,8/8/2016 15:47
11872147,Amazon Engineer Lives on a Boat and Works from Hawaii,http://www.businessinsider.com/amazon-engineer-lives-on-a-boat-and-works-from-hawaii-2013-2,2,1,antimora,6/9/2016 20:33
12330864,Fixed gear bicycles for the road,http://www.sheldonbrown.com/fixed.html,7,3,mobiletelephone,8/21/2016 13:32
11971491,Ask HN: What is your go-to example for a good REST API?,,401,182,goostavos,6/24/2016 17:02
12164305,They released Tinder for Investors,https://www.producthunt.com/tech/bullboard,1,2,danielminkov,7/26/2016 9:11
11755791,Related: Pure Ruby Relational Algebra Engine,https://github.com/seansellek/related,102,29,flipandtwist,5/23/2016 18:27
10794933,Linode under DDoS,http://status.linode.com/,16,3,gingerlime,12/26/2015 19:24
11233999,Transmission (BitTorrent client) v2.90 contained malware on OS X,https://www.transmissionbt.com/?v=2.91,13,1,kevinday,3/6/2016 15:09
12081722,Ask HN: How to not be bored doing a similar project in my company?,,1,5,randy_gilette,7/12/2016 19:34
10400446,Ask HN: What books will stay relevant for many years to come?,,12,9,shubhamjain,10/16/2015 16:36
11916807,Free State of Jones  Film with Footnotes,http://freestateofjones.info/,2,3,tyh,6/16/2016 15:34
12082378,Show HN: Delivering Image Advertisements in Minecraft - Built with Meteor.js,https://www.adventurize.com,5,1,danielrh,7/12/2016 21:24
10795399,Much faster incremental apt updates,https://juliank.wordpress.com/2015/12/26/much-faster-incremental-apt-updates/?utm_source=twitterfeed&utm_medium=twitter,172,57,edward,12/26/2015 21:41
12376550,A Powerful Russian Weapon: The Spread of False Stories,http://www.nytimes.com/2016/08/29/world/europe/russia-sweden-disinformation.html,4,1,r721,8/28/2016 14:06
10445887,SDR Reception of Digital Amateur TV from the ISS,http://www.pabr.org/radio/softdatv/softdatv.en.html,46,2,zdw,10/25/2015 3:39
10199523,Apple TV Markup Language,https://developer.apple.com/library/prerelease/tvos/documentation/LanguagesUtilities/Conceptual/ATV_Template_Guide/TextboxTemplate.html#//apple_ref/doc/uid/TP40015064-CH2-SW8,108,68,hharnisch,9/10/2015 17:59
12487621,Meet the 22-year-olds solving the plastic waste problem,https://www.greenbiz.com/article/meet-20-year-olds-solving-plastic-waste-problem,10,3,endswapper,9/13/2016 12:43
11220232,Why Seattle startups have an advantage,http://www.geekwire.com/2016/234469/,2,2,androidlives,3/3/2016 21:37
10305249,Nvidia CEO demos DirectStylus capacitive pen tech (Computex 2013),https://www.youtube.com/watch?v=NUQp4l_4a3E,2,1,throwaway000002,9/30/2015 16:47
12110869,How to handle deployment of environment files like crontab,,2,2,BonoboIO,7/17/2016 17:21
12383452,Get Ready for Apple Pay on the Web,https://stripe.com/blog/get-ready-for-apple-pay-on-the-web,4,1,dwaxe,8/29/2016 17:22
10726832,What keeps modders modding?,http://www.eurogamer.net/articles/2015-12-13-what-keeps-modders-modding,46,20,jsnell,12/13/2015 16:47
11427141,Tell HN: The truth about how startups are valued,,2,3,hoodoof,4/5/2016 1:30
10824804,What Didnt Happen in 2015,http://avc.com/2015/12/what-didnt-happen/,1,1,bootload,1/2/2016 3:19
11293443,"Ask HN: Welp, I seem to fail at marketing: Looking for feedback on iOS app pitch",,10,8,anon_app_guy,3/15/2016 22:15
10789390,Darktable 2.0 released,http://www.darktable.org/2015/12/darktable-2-0-released/,248,44,jakobdabo,12/24/2015 19:51
10236057,Wikimedia Maps Beta,https://maps.wikimedia.org,350,82,chippy,9/17/2015 21:05
10747629,"A Mansion, a Shell Company and Resentment in Bel Air",http://www.nytimes.com/2015/12/15/us/shell-company-bel-air-mansion.html,1,1,brohee,12/16/2015 21:50
11844214,We have always been at war with Amazon [audio],https://stratechery.com/2016/podcast-episode-081-we-have-always-been-at-war-with-amazon/,16,2,dwaxe,6/6/2016 2:08
10376908,BDE 3.0 (Bloomberg's core C++ library): Open Source Release,https://github.com/bloomberg/bde/wiki/BDE-3.0:-Open-Source-Release,2,1,frutiger,10/12/2015 20:55
11144233,WarGames and Cybersecuritys Debt to a Hollywood Hack,http://www.nytimes.com/2016/02/21/movies/wargames-and-cybersecuritys-debt-to-a-hollywood-hack.html,1,1,ingve,2/21/2016 12:23
12230453,Show HN: Robots Reading the News  The Podcast,,3,2,ajwinn,8/5/2016 6:38
11771984,Office of Inspector General's Audit of the Office of the Secretary [pdf],https://cryptome.org/2016/05/state-oig-clinton-emails.pdf,4,1,nickysielicki,5/25/2016 18:29
10618506,"Ask HN: If Evernote goes out of business, what happens to all our notes?",,20,24,alexgpark,11/24/2015 1:05
10198159,Crab  SQL for your filesystem,http://etia.co.uk,127,43,cogs,9/10/2015 14:19
11867310,"Tesla CEO, Pentagon Chief to Meet as DODs Tech Outreach Flops",http://www.investors.com/news/musk-to-meet-with-dod-pentagons-silicon-valley-start-up-flops/?utm_campaign=trueAnthem:+Trending+Content&utm_content=57587a6e04d3011967e80b5d&utm_medium=trueAnthem&utm_source=facebook,5,1,ericcumbee,6/9/2016 3:07
11800205,Ask HN: My Show HN post won't show. Could it be?,,6,5,keywonc,5/30/2016 8:14
10440148,8TB in 2.5 SSD,http://akiba-pc.watch.impress.co.jp/docs/news/news/20151022_727035.html,3,3,fezz,10/23/2015 17:49
11702025,Programming from the Ground Up [pdf],http://download-mirror.savannah.gnu.org/releases/pgubook/ProgrammingGroundUp-1-0-booksize.pdf,216,54,luu,5/15/2016 18:17
10434390,Nine billion company names,http://www.economist.com/news/business/21676804-businesses-are-coming-up-ever-sillier-ways-identify-themselves-nine-billion-company,2,1,Turukawa,10/22/2015 19:22
10795087,Extracting the Private Key from a TREZOR,https://jochen-hoenicke.de/trezor-power-analysis/,169,21,csomar,12/26/2015 20:07
12260154,Best VPN for China 2016  China VPN Guide  Mostsecurevpn.com,,2,1,sarah_adames,8/10/2016 7:55
12334544,Fuchsia: Micro kernel written in C by Google,https://github.com/fuchsia-mirror/magenta,22,12,tnorgaard,8/22/2016 6:55
12078945,Show HN: Speed: a golang client for the Performance Co-Pilot instrumentation API,https://github.com/performancecopilot/speed,3,1,suyash93,7/12/2016 13:57
10942196,"Federal cops gets pulled over by TN cops, car illegally searched",http://www.newschannel5.com/news/newschannel-5-investigates/i-40-search-raises-new-policing-for-profit-questions,437,218,jseliger,1/20/2016 23:17
10878886,Ask HN: Can anyone suggest a good RSS newsreader with a set of tech news feeds?,,3,3,hoodoof,1/11/2016 4:53
10978322,"Farewell, Marvin Minsky",http://blog.stephenwolfram.com/2016/01/farewell-marvin-minsky-19272016/,182,34,lispython,1/27/2016 4:59
12378410,Ask HN: Where Do You Live?,,4,4,rokhayakebe,8/28/2016 20:38
11856759,"A thought experiment: Deface, a decentralized Facebook",https://stacksandfoundations.wordpress.com/2016/06/07/deface-a-decentralized-facebook/,11,11,rchodava,6/7/2016 18:49
11907196,"Yes, Blockchain Is Going to Change the World",http://www.eshioji.co.uk/2016/06/yes-blockchain-is-going-to-change-world.html,4,1,arunc,6/15/2016 4:46
10573967,Mark Zuckerberg's plan for the future of Facebook,http://www.fastcompany.com/3052885/mark-zuckerberg-facebook,103,112,technologizer,11/16/2015 12:17
10364894,Why is 80 characters the 'standard' limit for code width?,http://programmers.stackexchange.com/questions/148677/why-is-80-characters-the-standard-limit-for-code-width,10,1,shagunsodhani,10/10/2015 8:25
11359726,Ask HN: Do you flag HN posts in the absence of a downvote button?,,6,7,mangeletti,3/25/2016 12:52
11300269,Companies Want to Replicate Your Dead Loved Ones with Robot Clones,http://motherboard.vice.com/en_uk/read/companies-want-to-replicate-your-dead-loved-ones-with-robot-clones,4,3,garbowza,3/16/2016 20:05
12297648,"My ambivalent view on Vim superintelligence, contrasted with GNU Emacs",https://utcc.utoronto.ca/~cks/space/blog/unix/VimSmartsVsGNUEmacs,1,1,sabarasaba,8/16/2016 14:25
12394275,How We Developed the Official Chatbot for SF's Outside Lands Music Festival,https://www.reddit.com/r/Chatbots/comments/50doo0/how_we_developed_the_official_chatbot_for_sfs/,6,1,pirosb3,8/30/2016 21:56
12127148,Humans can see a single photon at a time,https://cosmosmagazine.com/biology/humans-can-detect-a-single-photon-at-a-time,20,2,azazqadir,7/20/2016 5:55
12210299,"Show HN: Minimal, modern embedded V8 for Python",https://github.com/sqreen/PyMiniRacer,30,8,jbaviat,8/2/2016 14:44
12364123,What I found wrong in Docker 1.12,http://www.linux-toys.com/?p=684,390,228,rusher81572,8/26/2016 3:44
12323124,Climate change is water change,https://www.washingtonpost.com/news/energy-environment/wp/2016/08/19/climate-change-is-water-change-why-the-colorado-river-system-is-headed-for-trouble/?utm_campaign=buffer&utm_content=buffer66a9d&utm_medium=social&utm_source=twitter.com&utm_term=.560bb81cb01a,26,49,Mz,8/19/2016 20:13
10632427,"Wi-Fi under threat from 100 times faster, more secure Li-Fi",https://thestack.com/iot/2015/11/26/wi-fi-under-threat-from-100-times-faster-more-secure-li-fi/?k=47477,7,8,MAshadowlocked,11/26/2015 11:06
10204528,Scientists hope to use neutrino experiments to watch a black hole form,http://www.symmetrymagazine.org/article/september-2015/the-birth-of-a-black-hole-live,23,2,dnetesn,9/11/2015 16:14
10824885,Modular implicits  a system for ad-hoc polymorphism in OCaml [pdf],http://eptcs.web.cse.unsw.edu.au/paper.cgi?ML2014.2.pdf,63,1,bshanks,1/2/2016 3:41
10757135,Best Buy offering iPhone 6s for $1 on contract,http://9to5mac.com/2015/12/17/best-buy-iphone-6s-1-dollar-deal/,1,1,MaysonL,12/18/2015 7:05
11493595,Ask HN: Dealing with 'global' burnout,,1,10,throwawaynym,4/14/2016 0:58
11355742,On the Impending Crypto Monoculture,http://www.metzdowd.com/pipermail/cryptography/2016-March/028824.html,322,124,tonyg,3/24/2016 19:35
10861056,'This has never happened before.' Powerball jackpot swells to $700M,http://www.latimes.com/local/lanow/la-me-ln-powerball-jackpot-675-million-20160107-story.html,2,2,hugenerd,1/7/2016 21:48
12504078,How to Send iOS 10 Notifications Using the Push Notifications API,https://blog.pusher.com/how-to-send-ios-10-notifications-using-the-push-notifications-api/?utm_source=hacker-news&utm_medium=website&utm_campaign=ios-10,1,1,j-q-j,9/15/2016 7:29
11298524,Show HN: Search Instagram and use real life photos,https://lefty.io/search,12,3,thomasrep,3/16/2016 16:27
11117366,The Little Book of Semaphores,http://greenteapress.com/semaphores/,3,1,pythonist,2/17/2016 12:30
12470519,How to Become a C.E.O.? The Quickest Path Is a Winding One,http://www.nytimes.com/2016/09/11/upshot/how-to-become-a-ceo-the-quickest-path-is-a-winding-one.html?ref=business&_r=0,133,65,hvo,9/10/2016 19:18
10888893,A new proof of Euclid's Theorem (2006),http://fermatslibrary.com/s/a-new-proof-of-euclids-theorem,56,31,bezierc,1/12/2016 17:43
11369752,CE+T Power wins Google's $1M high density inverter challenge,http://googleresearch.blogspot.com/2016/02/and-winner-of-1-million-little-box.html,6,1,nl,3/27/2016 12:29
12133766,"Master Plan, Part Deux",https://www.tesla.com/blog/master-plan-part-deux,1851,677,arturogarrido,7/21/2016 0:52
11277320,Lipstick on a Pig a.k.a. the Raspberry Pi 3,http://nullr0ute.com/2016/03/lipstick-on-a-pig-aka-the-raspberry-pi-3/,74,65,dexterdog,3/13/2016 11:47
10414299,Payment Systems in the US Are Bad,http://www.barelyusable.com/payments-systems-in-the-us-are-bad#.ViUnOa0SEVg.hackernews,26,14,wkoszek,10/19/2015 17:24
11237485,Tracking Honeybees to Save Them,http://nautil.us/issue/3/in-transit/tracking-honeybees-to-save-them,1,1,prostoalex,3/7/2016 6:43
12471850,Why Do Tourists Visit Ancient Ruins Everywhere Except the United States?,https://priceonomics.com/why-do-tourists-visit-ancient-ruins-everywhere/,292,274,ryan_j_naughton,9/11/2016 3:10
11766602,The Tao of Programming,https://thinkdiffere.net/the-tao-of-programming-4dbe01178ed4,22,4,desantis,5/24/2016 23:54
11249243,Binge-watching made easy,https://mypleasu.re,1,1,dheavy,3/8/2016 22:17
12472501,The First VC Meeting (2009),https://bothsidesofthetable.com/the-first-vc-meeting-post-1-of-many-a74bc6823a18,53,19,gtabx,9/11/2016 8:24
11888257,No Treason: The Constitution of No Authority (1870),https://readtext.org/misc/no-treason-constitution/,48,63,tux,6/12/2016 14:36
11057736,New cross platform Git GUI client  GitKraken,http://www.gitkraken.com/,6,3,dustinmoris,2/8/2016 12:36
10303933,Visualizing the Shrinking Sea Ice,http://www.theatlantic.com/science/archive/2015/09/mapbox-arctic-sea-ice-minimum-over-time/407884/?single_page=true,82,33,uptown,9/30/2015 13:53
11536010,The 12 MacBook: A Web Developers Perspective,https://optionalbits.com/the-12-macbook-a-web-developer-s-perspective-5cb6d2ffba15#.z37tc4hy0,4,6,nicoschuele,4/20/2016 17:19
10573772,Facebook should offer solidarity flags for every country  or none at all,http://www.thememo.com/2015/11/16/paris-terrorist-attack-french-flag-facebook-france-is/,25,7,alexwoodcreates,11/16/2015 11:07
12525786,The Third Transportation Revolution,https://medium.com/@johnzimmer/the-third-transportation-revolution-27860f05fa91,6,2,myroon5,9/18/2016 15:59
12202286,How to use your full brain when writing code,http://chrismm.com/blog/how-to-use-your-full-brain-when-writing-code/?,218,72,innerspirit,8/1/2016 13:44
12388117,"Read some quotes, share ideas with strangers",https://fruit-fly.herokuapp.com/client/statusapp.html,3,1,zer0gravity,8/30/2016 7:18
11492576,Is the Hum a scientific fact or a mass delusion?,https://newrepublic.com/article/132128/maddening-sound,1,1,Amorymeltzer,4/13/2016 21:53
11963268,Containers vs. Config Management,https://blog.containership.io/containers-vs-config-management-e64cbb744a94,88,44,phildougherty,6/23/2016 18:26
11326724,Why Epics Tim Sweeney blasted Microsoft in bid to keep Windows 10 open,http://venturebeat.com/2016/03/05/why-epics-tim-sweeney-blasted-micrsooft-in-bid-to-keep-windows-10-open/,6,1,bluesilver07,3/21/2016 7:52
10817615,Ask HN: What charitable organizations do you donate to?,,2,3,donations-2015,12/31/2015 14:18
10900658,Scientifically Backed Method for Drinking All Night Without Getting Drunk,http://www.popularmechanics.com/home/a18609/how-not-to-get-drunk/,2,1,chippy,1/14/2016 11:09
11318008,Geoff Hinton on AlphaGo and the Future of AI,http://www.macleans.ca/society/science/the-meaning-of-alphago-the-ai-program-that-beat-a-go-champ/,77,16,tim_sw,3/19/2016 10:35
10906998,"What a 45,000-year-old mammoth carcass can tell us about human history",http://www.csmonitor.com/Science/2016/0114/What-can-a-45-000-year-old-mammoth-carcass-tell-us-about-human-history,16,1,tokenadult,1/15/2016 3:36
11986307,How landlords get kickbacks to lock tenants into big Internet providers,https://medium.com/backchannel/the-new-payola-deals-landlords-cut-with-internet-providers-cf60200aa9e9#.mps85yo24,327,152,steven,6/27/2016 14:25
11903717,"Man finds butter estimated to be more than 2,000 years old in Irish bog",https://www.washingtonpost.com/news/morning-mix/wp/2016/06/14/man-finds-22-pound-chunk-of-butter-estimated-to-be-more-than-2000-years-old-in-irish-bog/,2,1,Mz,6/14/2016 17:35
11721601,I went to the hospital to give birth and tested positive for meth,http://narrative.ly/i-went-to-the-hospital-to-give-birthand-tested-positive-for-meth/,162,244,pmcpinto,5/18/2016 13:07
11231455,Could the ladybird plague of 1976 happen again?,http://www.bbc.co.uk/news/magazine-35603972,3,2,sjcsjc,3/5/2016 22:46
10288062,For Their Eyes Only: The Commercialization of Digital Spying (2013) [pdf],https://citizenlab.org/storage/finfisher/final/fortheireyesonly.pdf,47,1,DanielRibeiro,9/27/2015 21:53
10871330,Python integration for the Duktape Javascript interpreter,https://pypi.python.org/pypi/pyduktape,3,1,stefano,1/9/2016 14:26
11180706,Ask HN: Someone is stealing things from my car. What security camera would help?,,3,3,hoodoof,2/26/2016 10:23
11958050,Interactive Timeline of Twilio's Road to IPO,http://blog.datafox.com/an-interactive-timeline-of-twilios-road-to-ipo/,16,1,dorseymike,6/23/2016 0:18
11406046,Ask HN: Is perl still relevant today?,,4,4,enitihas,4/1/2016 16:24
12167253,"Open Your Eyes, The Talent Is Out There Edition",https://medium.com/code-like-a-girl/open-your-eyes-the-talent-is-out-there-edition-662001f850ce#.1gnarsn0y,1,2,DinahDavis,7/26/2016 17:25
10568977,Women from Apples Early Days Recall Working with Steve Jobs,http://recode.net/2015/11/02/women-from-apples-early-days-recall-life-with-steve-jobs/,12,2,uxhacker,11/15/2015 8:54
10872285,Paper Digital Camera,http://www.photoxels.com/paper-digital-camera/,18,2,jacquesm,1/9/2016 18:35
11072370,How to Write Telegrams Properly (1928),http://www.telegraph-office.com/pages/telegram.html,56,19,radarsat1,2/10/2016 12:52
10299257,Andreessen Horowitz has invested in Medium,http://www.bhorowitz.com/mediumanda16z,3,1,rezist808,9/29/2015 20:11
11009924,The Prickly Genius of Jonathan Blow,http://www.newyorker.com/tech/elements/the-prickly-genius-of-jonathan-blow,57,19,prismatic,2/1/2016 5:18
11550913,Edward Snowden: The Internet Is Broken,http://www.popsci.com/edward-snowden-internet-is-broken,350,168,doctorshady,4/22/2016 17:39
12325655,ShadowBrokers Bitcoin Transactions: Now Theres Some Taint for You,https://krypt3ia.wordpress.com/2016/08/19/shadowbrokers-bitcoin-transactions-now-theres-some-taint-for-you/,42,7,sjreese,8/20/2016 7:54
11957086,Ask HN: Server Management Software,,1,3,FlopV,6/22/2016 21:15
10603330,Shopify for Drupal  Ecommerce on Drupal doesn't have to be difficult,http://www.shopifyfordrupal.com,4,1,donutdan4114,11/20/2015 19:38
10381833,Ask HN: Experience with Windows 10 upgrade,,4,20,codegeek,10/13/2015 17:07
11579334,Dont Blame Silicon Valley for Theranos,http://www.nytimes.com/2016/04/27/opinion/dont-blame-silicon-valley-for-theranos.html?action=click&pgtype=Homepage&version=Moth-Visible&moduleDetail=inside-nyt-region-1&module=inside-nyt-region&region=inside-nyt-region&WT.nav=inside-nyt-region&_r=0,106,134,hvo,4/27/2016 11:08
11216055,Ask HN: Creative ideas to activate communities?,,3,1,sameernoorani,3/3/2016 10:40
12083598,A groundbreaking new series about apps and their creators,https://www.planetoftheapps.com,2,2,chrisamanse,7/13/2016 2:38
10988246,What Teens are Like in 2016,http://www.businessinsider.com/what-teens-are-like-in-2016-2016-1,1,1,replicatorblog,1/28/2016 14:18
12195441,Learnable Programming by Bret Victor,http://worrydream.com/#!/LearnableProgramming,2,1,avindroth,7/31/2016 2:21
10565880,"Microsoft Invented Google Earth in the 90s, Then Blew It",http://motherboard.vice.com/read/microsofts-terraserver-was-google-earth-before-there-was-google-earth,123,80,jimsojim,11/14/2015 15:03
10541465,Why I Dropped Everything and Started Teaching Kendrick Lamar's New Album,https://bemoons.wordpress.com/2015/03/27/why-i-dropped-everything-and-started-teaching-kendrick-lamars-new-album/,3,1,enginnr,11/10/2015 18:56
12192411,How the food lobby fights sugar regulation in the EU [pdf],http://corporateeurope.org/sites/default/files/a_spoonful_of_sugar_final.pdf,143,168,Jan_jw,7/30/2016 10:25
10586791,Ergoemacs-mode: ergonomic keybindings in Emacs to reduce RSI,http://ergoemacs.github.io/,7,5,lelf,11/18/2015 9:32
10678767,Amazon Buys Thousands of Its Own Truck Trailers,http://recode.net/2015/12/04/amazon-buys-thousands-of-its-own-trucks-as-its-transportation-ambitions-grow/,63,64,anigbrowl,12/4/2015 20:05
10998032,When will self-Driving cars be on the road?,https://www.quora.com/When-will-self-driving-cars-be-on-roads/answer/Andrew-Ng?srid=cgo&amp;share=1,3,1,salmonet,1/29/2016 19:59
12373979,MacOS Sierra Code Confirms Thunderbolt 3 and 10Gb/s USB 3.1 in Future Macs,http://www.macrumors.com/2016/08/24/macos-sierra-code-thunderbolt-3/,1,1,lelf,8/27/2016 20:14
10327989,Corporate Social Responsibility has become a racket,http://www.telegraph.co.uk/finance/newsbysector/industry/11896546/Corporate-Social-Responsibility-has-become-a-racket-and-a-dangerous-one.html,32,15,danielam,10/4/2015 16:42
11416746,Ask HN: How do you review code?,,357,140,skewart,4/3/2016 16:57
10382147,Annotated version of the paper that led to the 2015 Nobel Prize in Physics,http://fermatslibrary.com/s/oscillation-of-atmospheric-neutrinos,55,2,cronaldo,10/13/2015 17:51
11282812,Ask HN: Engineering Degree: Mathematics and Statistics vs Software?,,4,5,noobie,3/14/2016 13:42
11986789,The Real Product Market Fit,http://themacro.com/articles/2016/06/the-real-product-market-fit/,154,63,craigcannon,6/27/2016 15:29
12012184,The Fining of Black America,http://priceonomics.com/the-fining-of-black-america/,234,243,ryan_j_naughton,6/30/2016 22:04
12004743,A Deep Dive into iOS 10 Messages Extensions,http://twocentstudios.com/2016/06/24/a-deep-dive-into-ios-messages-extensions/,13,1,twocentstudios,6/29/2016 20:55
11134986,No comic sans in httpd status pages,https://marc.info/?l=openbsd-tech&m=145590012904434&w=2,182,87,elchief,2/19/2016 17:38
10323639,"The Zappos holacracy, Edward Tuftes sparklines, and an 11Ã17 printer",http://blogs.law.harvard.edu/philg/2015/10/01/the-zappos-holacracy-edward-tuftes-sparklines-and-an-11x17-printer/,31,25,jessaustin,10/3/2015 12:41
12228082,NEED Your FEADBACK,,1,2,yaronch,8/4/2016 20:07
11323362,"Pwn2Own 2016: Chrome, Edge, and Safari hacked, $460k awarded",http://venturebeat.com/2016/03/18/pwn2own-2016-chrome-edge-and-safari-hacked-460k-awarded-in-total/,55,47,jjuhl,3/20/2016 15:53
11647484,80s Apple Beige Making a Comeback,http://www.wsj.com/articles/the-beige-of-apples-80s-computers-makes-a-comeback-1462383304?mod=ST1,2,1,jboydyhacker,5/6/2016 23:32
10545998,Applying the Free Software Criteria,https://www.gnu.org/philosophy/applying-free-sw-criteria.html,35,16,chei0aiV,11/11/2015 11:08
11523151,Google CDN Beta is already one of the fastest CDNs,http://blog.speedchecker.xyz/2016/04/18/google-cdn-beta-is-here-and-it-brings-more-than-meets-the-eye/,351,99,forcer,4/18/2016 21:04
10346107,Show HN: VclGenie a JSON to VCL Generator Written in Scala,https://github.com/iheartradio/vclgenie/,2,1,dberg,10/7/2015 14:14
10819071,Should we solar panel the Sahara desert?,http://www.bbc.com/news/science-environment-34987467,48,60,e15ctr0n,12/31/2015 19:04
10243217,"Apple, Google, and Microsoft are all solving the same problems",http://www.theverge.com/2015/9/18/9351197/apple-google-microsoft-tech-innovation-uniformity,71,52,jonbaer,9/19/2015 3:48
10622732,Here's hoping Mark Zuckerberg will start the overdue paternity-leave revolution,http://venturebeat.com/2015/11/24/heres-hoping-facebook-ceo-mark-zuckerberg-will-start-the-overdue-paternity-leave-revolution/,3,1,t23,11/24/2015 18:58
11382797,Introducing Canvas - Notes for teams of nerds,https://blog.usecanvas.com/introducing-canvas,7,3,craigkerstiens,3/29/2016 16:48
12280520,SuchFlex Public Beta now accepting new users,https://www.suchflex.com,1,1,ivanzone,8/13/2016 6:29
10247688,N3uro: A marketplace for brainwaves of people thinking about things,http://www.n3uro.com,23,4,trentmc,9/20/2015 14:44
10518201,Morocco moves to ban plastic bags,http://www.huffingtonpost.com/entry/morocco-ban-plastic-bags_563934cde4b0307f2cab21a8,13,5,pm24601,11/6/2015 7:19
11244630,Still surprised by Trump? Then you're not reading Scott Adams,http://abovethelaw.com/2016/03/still-surprised-by-trump-then-youre-not-reading-scott-adams/,10,6,zabramow,3/8/2016 11:07
10765143,Moving a team from Scala to Golang,http://jimplush.com/talk/2015/12/19/moving-a-team-from-scala-to-golang/,39,11,alexatkeplar,12/19/2015 22:32
10436127,Blood biomarker predicts death from serious infection,http://www.abc.net.au/news/2015-10-23/blood-biomarker-predicts-death-from-infection/6872948,4,1,bootload,10/23/2015 0:33
12462805,Google to buy cloud software company Apigee for $625M,http://www.reuters.com/article/uk-apigee-m-a-alphabet-idUSKCN11E1SG,2,1,jarnix,9/9/2016 14:58
11159192,OpenWhisk  cloud-first distributed event-based programming service from IBM,https://github.com/openwhisk/openwhisk,4,1,paukiatwee,2/23/2016 14:53
11844196,"If Corporations Are People, They Should Act Like It",http://www.theatlantic.com/politics/archive/2015/02/if-corporations-are-people-they-should-act-like-it/385034/?single_page=true,5,3,devin,6/6/2016 2:02
10847886,What If You Only Invested at Market Peaks?,http://awealthofcommonsense.com/worlds-worst-market-timer/,11,8,networked,1/6/2016 2:00
10237345,What Americans know and don't know about science,http://www.pewinternet.org/2015/09/10/what-the-public-knows-and-does-not-know-about-science/,23,24,shawndumas,9/18/2015 3:22
11768064,comiXology Unlimited,https://m.comixology.com/unlimited,1,1,rlalwani,5/25/2016 6:47
12413544,What to do with your dead apps?,,2,1,andrew_wc_brown,9/2/2016 15:12
10813328,Twitter still has a major problem with employee diversity,http://www.theverge.com/2015/12/30/10688126/twitter-diversity-jeffrey-siminoff,14,5,someear,12/30/2015 18:05
11058078,Vote for your favorite math video created by middle school students,http://videochallenge.mathcounts.org/,1,1,jamessun,2/8/2016 13:59
11936169,Alicia Keys is done playing nice. Your phone is getting locked up now,https://www.washingtonpost.com/entertainment/alicia-keys-is-done-playing-nice-your-phone-is-getting-locked-up-at-her-shows-now/2016/06/16/366c15aa-33af-11e6-95c0-2a6873031302_story.html,98,96,wallflower,6/20/2016 5:09
12469941,Additional Notes on Drawing Dynamic Visualizations (2013),http://worrydream.com/DrawingDynamicVisualizationsTalkAddendum/,73,4,ryanmaclean,9/10/2016 16:44
11924673,Christos Newest Project: Walking on Water,http://www.nytimes.com/2016/06/17/arts/design/christos-newest-project-walking-on-water.html,67,16,hampelm,6/17/2016 18:43
11550380,Glot.io: Open Source pastebin with runnable snippets and API,https://glot.io/,245,59,phantom_oracle,4/22/2016 16:33
11841957,The 'Unofficial' ADHD Test for Adults,https://www.youtube.com/watch?v=iozAFIr3BEw,2,2,kristiandupont,6/5/2016 17:18
11722353,OpenAI Gym,https://openai.com/blog/openai-gym-beta/,76,13,varunagrawal,5/18/2016 14:49
11571322,American Scientist Understands Nothing about the Traveling Salesman Problem,http://mat.tepper.cmu.edu/blog/?p=8376,128,97,merraksh,4/26/2016 12:43
10305900,Appcamp.io,http://appcamp.io/,6,1,andrewmcgivery,9/30/2015 18:11
11611005,Ask HN: Where's Who's Hiring for May 2016?,,2,3,martinshen,5/2/2016 13:12
11427610,The Maddest Hacker  How to Rob an Industry Venture Capitalist [song],https://soundcloud.com/marak/the-maddest-hacker-how-to-rob-an-industry-venture-capitalist,5,1,_Marak_,4/5/2016 3:40
12118822,"Brexit could cut London house prices by more than 30%, says bank",https://www.theguardian.com/money/2016/jul/18/brexit-could-cut-london-house-prices-by-more-than-30-says-bank,15,4,ryan_j_naughton,7/19/2016 0:39
11229037,Sci-Hub is a scholarly litmus test,http://svpow.com/2016/03/04/sci-hub-is-a-scholarly-litmus-test/,27,1,nkurz,3/5/2016 10:06
12545014,Ask HN: Settle for less salary or change to make more in prime years,,19,30,throwaway007007,9/21/2016 2:36
10417206,Let's Encrypt is Trusted,https://letsencrypt.org/2015/10/19/lets-encrypt-is-trusted.html,1260,311,coffeecheque,10/20/2015 3:14
12252520,Design Better Data Tables,https://medium.com/mission-log/design-better-data-tables-430a30a00d8c#.exxlu3eah,7,2,sebg,8/9/2016 3:57
10368057,Show HN: AppStarter  Online iOS Development,https://appstarter.io/,13,2,appstarter,10/11/2015 4:29
11098897,When the Hospital Fires the Bullet,http://www.nytimes.com/2016/02/14/us/hospital-guns-mental-health.html,2,1,baus,2/14/2016 16:38
11337449,The First Ever Smartphone 3D Printer,https://www.kickstarter.com/projects/olo3d/olo-the-first-ever-smartphone-3d-printer,3,1,artf,3/22/2016 15:55
10249032,"Software Is Smart Enough for SAT, but Still Far from Intelligent",http://www.nytimes.com/2015/09/21/technology/personaltech/software-is-smart-enough-for-sat-but-still-far-from-intelligent.html,17,6,aburan28,9/20/2015 20:46
11288827,"Airbnb for physical goods, lease your items to others",https://www.daylui.com/,4,4,ValQD,3/15/2016 11:29
10326289,Show HN: Tech2Pocket  find better tech articles with Pocket,http://productchaseapp.herokuapp.com/tech2pocket,9,5,cqcn1991,10/4/2015 3:17
11022028,Barilla pasta boss's anti-gay comments spark boycott call,http://www.independent.co.uk/news/world/europe/i-would-never-use-homosexual-couples-in-my-adverts-barilla-pasta-bosss-anti-gay-comments-spark-8841902.html,2,3,seneka,2/2/2016 19:57
10445145,How I hacked my apartment building,http://josecasanova.com/blog/how-i-hacked-my-apartment-building/,1,3,jcsnv,10/24/2015 22:37
11623053,Jet-Powered Hoverboard Sets New World Record,http://www.livescience.com/54622-jet-powered-hoverboard-sets-world-record.html,1,1,rhschan,5/3/2016 18:27
11243859,"A Theorized Conversation Between AIs (from ""The Terminal Man"", Chrichton, 1972)",http://blog.brokenfunction.com/wp-content/uploads/2008/03/georgevsmartha.html,3,1,DrScump,3/8/2016 6:40
10638184,2015 AIIDE Starcraft AI Competition  Report and Results,http://webdocs.cs.ualberta.ca/~cdavid/starcraftaicomp/report2015.shtml,156,39,2Pacalypse-,11/27/2015 17:54
10433234,Ask HN: Is it illegal to use another site mp4 link in my app?,,1,2,lesvizit,10/22/2015 16:46
12136508,Corning's new Gorilla Glass 5 is meant to survive epic smartphone drops,http://www.theverge.com/2016/7/20/12236642/corning-announces-new-gorilla-glass-5-smartphone-drops-cracked-screen,3,1,phr4ts,7/21/2016 12:59
11989277,Google division aims to fix public transit in US by shifting control to Google,https://www.theguardian.com/technology/2016/jun/27/google-flow-sidewalk-labs-columbus-ohio-parking-transit,9,2,Jerry2,6/27/2016 20:37
11026431,How we've analyzed our homepage without spending a single dollar,https://medium.com/p/how-we-ve-analyzed-our-homepage-without-spending-a-single-dollar-case-study-c1defae743c6,59,1,meliberki,2/3/2016 13:57
10258281,Printing with Love: The Art of Letterpress Printing,http://craftsmanship.net/the-art-of-letterpress-printing/,28,8,hownottowrite,9/22/2015 13:08
11786340,Teaching robots to feel pain to protect themselves,http://techxplore.com/news/2016-05-robots-pain.html,3,1,dnetesn,5/27/2016 14:42
11099112,What should I learn next as a programmer?,https://medium.com/@_cmdv_/what-should-i-learn-next-as-a-programmer-477728c5c3c4,46,48,ingve,2/14/2016 17:40
11047045,Bruce Sterling on AI in 1995,http://research.microsoft.com/en-us/um/redmond/events/lcc/lcc95/sterling.htm,18,1,exolymph,2/6/2016 8:52
11118320,Auschwitz Museum launches add-on to correct Polish death camps mistake,https://correctmistakes.auschwitz.org/,1,1,thenlater,2/17/2016 15:13
11188141,Medium updates Terms of Service to enable advertising,https://medium.com/@yungrama/advertising-coming-soon-to-your-content-on-medium-319d24d63e1#.pm6szdpva,4,2,yungrama,2/27/2016 19:43
12558053,The GitHub Load Balancer,http://githubengineering.com/introducing-glb/,431,121,logicalstack,9/22/2016 16:37
11685626,How Austin Beat Uber,http://www.nytimes.com/2016/05/12/opinion/how-austin-beat-uber.html,4,3,gwintrob,5/12/2016 18:26
11413388,The Future of Game Development on Windows [video],https://channel9.msdn.com/Events/Build/2016/B882,52,29,pjmlp,4/2/2016 20:53
12191719,GIMP 2.9.4 and our vision for the future,http://girinstud.io/news/2016/07/gimp-2-9-4-and-our-vision-for-gimp-future/,166,93,ashitlerferad,7/30/2016 5:05
11546896,Uber strikes class action settlement to keep drivers independent contractors,http://techcrunch.com/2016/04/21/uber-strikes-100m-class-action-settlement-to-keep-drivers-independent-contractors/,5,1,kposehn,4/22/2016 3:32
11672414,"I know how to program, but I don't know what to program",http://www.devdungeon.com/content/i-know-how-program-i-dont-know-what-program,5,2,nanodano,5/11/2016 3:10
11803670,SQLite: The art of keep it simple,http://www.codergears.com/Blog/?p=2392,19,1,cppdesign,5/30/2016 22:54
10490354,Decision Fatigue (2011),http://www.nytimes.com/2011/08/21/magazine/do-you-suffer-from-decision-fatigue.html,47,4,mappu,11/2/2015 6:26
10886505,A web service demo that uses async IO while possible,https://github.com/wb14123/web_benchmark,2,2,wb14123,1/12/2016 10:17
11509807,Lightpack  Ambilight for any TV or monitor,http://lightpack.tv/,3,1,Kovah,4/16/2016 8:19
11704412,Ghost in the Shell and anime's troubled history with representation,http://www.theverge.com/2016/5/9/11612530/ghost-in-the-shell-anime-asian-representation-hollywood,24,12,kposehn,5/16/2016 5:28
10582276,"Microsoft, Once Infested with Security Flaws, Does an About-Face",http://www.nytimes.com/2015/11/18/technology/microsoft-once-infested-with-security-flaws-does-an-about-face.html,158,176,hackuser,11/17/2015 16:48
11987576,A Course in Machine Learning,http://ciml.info/,4,1,0xmohit,6/27/2016 17:08
11453294,Top 10 Parse Migration Guides Comparison,http://parse-hosting.oursky.com/blog/2016-04-06-top-10-parse-migration-guides,13,1,bradley_long,4/8/2016 8:15
10929908,Scary questions in Ukraine energy grid hack,http://money.cnn.com/2016/01/18/technology/ukraine-hack-russia/index.html,4,1,emartinelli,1/19/2016 11:01
11453737,HIV overcomes CRISPR gene-editing attack,http://www.nature.com/news/hiv-overcomes-crispr-gene-editing-attack-1.19712,152,30,aroch,4/8/2016 10:37
10572781,"Hacking Smartwatches  The TomTom Runner, Part 1",http://grangeia.io/2015/11/09/hacking-tomtom-runner-pt1/,31,2,bemmu,11/16/2015 5:26
11947032,Fedora 24 was released,https://fedoramagazine.org/fedora-24-released/,63,49,alanfranzoni,6/21/2016 16:38
11142112,Team Building: Finding developers,https://blog.cocoon.life/startups/developer-recruitment/,2,2,chippy,2/20/2016 21:52
11889827,Ask HN: What is a good text-based role-playing game to get into as a newbie?,,2,2,hellofunk,6/12/2016 19:28
10819348,NASA and Future Explorers  What Does It Take to Become an Astronaut? (Updated),http://stemmatch.net/blog/2015/december/14/so-you-want-to-become-an-astronaut-what-does-it-take/,3,5,Oxydepth,12/31/2015 20:00
11779453,Twilio S-1,https://www.sec.gov/Archives/edgar/data/1447669/000104746916013448/a2227414zs-1.htm,375,211,kressaty,5/26/2016 16:51
11565056,Storage Pod 6.0: Building a 60 Drive 480TB Storage Server,https://www.backblaze.com/blog/open-source-data-storage-server/,181,96,geerlingguy,4/25/2016 15:54
10842201,Simple Rules for Healthy Eating,http://www.nytimes.com/2015/04/21/upshot/simple-rules-for-healthy-eating.html,8,1,Tomte,1/5/2016 9:11
10365739,A Hacker News for Coins,http://coinspotting.com,4,2,coinspotting,10/10/2015 15:16
10446133,40 important design lessons from the past,https://designschool.canva.com/blog/famous-graphic-designers/,3,1,workintransit,10/25/2015 6:00
11533639,Isomorphic React Personal Website,http://alexdbuchanan.com,6,2,buchanaf,4/20/2016 11:41
10481121,"After guilty plea, judge confused why prosecutors still want iPhone unlocked",http://arstechnica.com/tech-policy/2015/10/feds-apple-must-still-unlock-iphone-5s-even-after-defendant-pled-guilty/,149,44,Deinos,10/30/2015 23:15
10783488,Ask HN: How to create a remote development environment?,,5,5,MuEta,12/23/2015 14:40
12161628,Agile to Waterfall: Demystifying Programming Methodologies,https://blog.newrelic.com/2016/07/25/programming-methodology-primer/,2,1,ohjeez,7/25/2016 21:08
10286085,What More Than 1B Followers of Islam Believes,http://www.atheoryofus.net/islam-statistics,4,1,rottyguy,9/27/2015 10:30
10880839,"Functional Programming, Abstraction, and Naming Things",http://www.stephendiehl.com/posts/abstraction.html,92,19,tel,1/11/2016 14:17
11850569,Overengineering risks on the path to production,http://blog.contino.io/blog/overengineering-risks-on-the-path-to-production,3,2,benjaminwootton,6/6/2016 21:30
12374413,$6.7M Available for Tech That Turns Captured Carbon into Useful Products,https://www.environmentalleader.com/2016/08/26/6-7-million-available-for-tech-that-turns-captured-carbon-into-useful-products/,23,12,endswapper,8/27/2016 22:18
12069579,Show HN: Texture Packer for Game Development Using MaxRects Algorithm,https://github.com/huxingyi/squeezer,3,1,huxingyi,7/11/2016 8:12
12111691,"Show HN: MicroServices from Dev to Prod Using Docker, Docker Compose and Swarm",https://medium.com/p/microservices-from-development-to-production-using-docker-docker-compose-docker-swarm-3cf37f97706b,2,4,eon01,7/17/2016 20:33
10615314,MyCPU  Homebrew Computer from Discrete Logic Gates,http://mycpu.thtec.org/www-mycpu-eu/index1.htm,69,14,bane,11/23/2015 16:05
10206765,Scare Headlines Exaggerated the U.S. Crime Wave,http://fivethirtyeight.com/features/scare-headlines-exaggerated-the-u-s-crime-wave/,11,2,ryan_j_naughton,9/12/2015 0:02
10970609,CIA declassifies hundreds of UFO documents,https://www.cia.gov/news-information/blog/2016/take-a-peek-into-our-x-files.html,420,212,XzetaU8,1/25/2016 22:48
12329000,Eye test may detect Parkinsons before symptoms appear,http://sciencebulletin.org/archives/4448.html,66,7,renafowler,8/21/2016 1:04
10257584,Checkpoint and restore Docker containers with CRIU,http://blog.circleci.com/checkpoint-and-restore-docker-container-with-criu/,36,11,kimh,9/22/2015 9:44
11330821,Node.js on Google App Engine Goes Beta,https://cloudplatform.googleblog.com/2016/03/Node.js-on-Google-App-Engine-goes-beta.html,371,103,boulos,3/21/2016 19:03
12052791,Kill All Feeds,https://blog.dcpos.ch/no-feeds,10,3,feross,7/7/2016 23:47
11136022,We Are Building Educative to Advance Interactive Learning in Computer Science,https://www.educative.io/collection/page/6630002/190001/200001,17,2,fahimulhaq,2/19/2016 19:41
11446120,Apply HN: 128Highstreet  A Trip Planning App,,2,8,Sreyanth,4/7/2016 10:11
11782088,"YC startup Coinbase has been hacked? Unable to withdraw $25,000",,38,16,coinbaseuser,5/26/2016 22:11
10860819,Inside Forbes: From 'Original Sin' to Ad Blockers  And What the Future Holds,http://www.forbes.com/sites/lewisdvorkin/2016/01/05/inside-forbes-from-original-sin-to-ad-blockers-and-what-the-future-holds/,1,1,bpierre,1/7/2016 21:14
10663891,Google 'stores children's data'  civil liberties group,http://www.bbc.co.uk/news/technology-34983245,3,1,SimplyUseless,12/2/2015 16:30
11913629,GitHub Security Update: Reused Password Attack,https://github.com/blog/2190-github-security-update-reused-password-attack,250,135,ejcx,6/16/2016 2:58
11946395,I do not use a debugger,http://lemire.me/blog/2016/06/21/i-do-not-use-a-debugger/,41,25,another,6/21/2016 15:29
11214209,Implanted RFID tracker found in sex trafficking victim,http://www.marketplace.org/2016/03/02/health-care/health-care-takes-fight-against-trafficking,6,1,zmanian,3/3/2016 0:27
11223769,Ask HN: Recommend 3 books that had an impact on you,,1,1,have_faith,3/4/2016 14:13
12312759,Ask HN: How do you come up with progressive project ideas?,,25,17,kanso,8/18/2016 14:33
11218999,"Uber, Ola launch rival motorbike-hailing services in Bengaluru",http://in.reuters.com/article/uber-ola-bike-taxi-idINKCN0W50I1,1,1,dsr12,3/3/2016 18:52
10704115,Why Go Is Not Good (2014),http://yager.io/programming/go.html,413,453,kushti,12/9/2015 15:19
12184895,Alphabet Loses $859M on 'Moonshots' in 2Q 2016,http://www.nytimes.com/aponline/2016/07/28/business/ap-us-alphabet-moonshots.html,189,189,zeddie,7/29/2016 3:41
11664169,How to Not Be the Engineer Running 3.5GB Docker Images,https://www.datawire.io/not-engineer-running-3-5gb-docker-images/,4,1,pkaeding,5/9/2016 23:39
10409239,Super Resolution from a Single Image (2009),http://www.wisdom.weizmann.ac.il/~vision/SingleImageSR.html,146,42,bsilvereagle,10/18/2015 18:46
11225917,Show HN: Find PCB Footprints and Schematic Symbols Within EAGLE,http://blog.snapeda.com/2016/03/03/announcing-the-snapeda-plugin-for-eagle-alpha/,12,4,natashabaker,3/4/2016 18:46
11830446,Clickbait and Traffic Laundering: How Ad Tech Is Destroying the Web,https://kalkis-research.com/clickbait-and-traffic-laundering-how-ad-tech-is-destroying-the-web,174,137,johnks,6/3/2016 14:22
12427135,The writing interest paradox,http://www.naughtycomputer.uk/writing_interest_paradox.html,64,24,xylon,9/4/2016 22:58
10816484,"Ask HN: What became possible or practical in 2015, which wasn't in 2014?",,12,1,jodrellblank,12/31/2015 6:14
12270366,Ask HN: Job with Travel,,2,1,aaronhoffman,8/11/2016 17:59
12262786,Python 3 on Google App Engine flexible environment now in beta,https://cloudplatform.googleblog.com/2016/08/python-3-on-Google-App-Engine-flexible-environment-now-in-beta.html,105,47,arouzrokh,8/10/2016 16:09
12116577,Smallest Hard Disk to Date Writes Information Atom by Atom,http://www.sciencenewsline.com/news/2016071815570027.html,3,2,scriptdude,7/18/2016 17:27
10916846,A nanophotonic comeback for incandescent bulbs?,http://news.mit.edu/2016/nanophotonic-incandescent-light-bulbs-0111,62,42,skybrian,1/16/2016 21:10
11004344,Ask HN: Any advice for an older engineer stuck in his career?,,6,5,whattodo123,1/30/2016 23:37
12122512,Best PC Laptop for Development (July 2016)?,,2,2,baptou12,7/19/2016 16:03
11042998,Confessions of a Serial Conference Attender,https://www.linkedin.com/pulse/confessions-serial-conference-attender-charu-jangid?trk=hp-feed-article-title-comment,2,1,zanewill9,2/5/2016 17:32
10199401,Reducing workplace burnout: the benefits of  exercise,http://www.ncbi.nlm.nih.gov/pmc/articles/PMC4393815/,258,175,mmariani,9/10/2015 17:36
11914167,"Chrome 51 Arrives on Android, Officially Kills Off Merge Tabs and Apps",http://www.droid-life.com/2016/06/08/chrome-51-arrives-officially-kills-off-merge-tabs-apps/,34,42,ikeboy,6/16/2016 5:19
12453714,Fullstack Developer Is an Outdated Term,http://blog.honeypot.io/fullstack-developer/,1,3,jonbaer,9/8/2016 15:10
10803554,Show HN: TechCrunch Adv Filter and News Alerts (feedback Welcome),http://crunchtech.co/,1,1,willkim,12/28/2015 21:40
10403958,Do you have any writing advice?,https://medium.com/@visakanv/do-you-have-any-writing-advice-60b9220eb47f,1,2,visakanv,10/17/2015 10:16
10712476,Ask HN: Feeling stuck Looking for suggestions,,4,5,throwaway5023,12/10/2015 18:49
10879623,Kakao acquires top Korean music streaming service for $1.5B,https://www.techinasia.com/kakao-korea-melon-music-streaming-acquisition,16,1,williswee,1/11/2016 8:44
10667994,Ask HN: Should I write a lean business plan for a social startup?,,4,2,tallerholler,12/3/2015 5:50
10952724,Sampulator.com  make and record beats with your keyboard,http://sampulator.com/,98,40,brianzelip,1/22/2016 14:05
11134748,Ask HN: How do I evaluate different opportunities?,,5,8,abustamam,2/19/2016 17:11
12326098,How Long Should I Make My API Key?,https://blog.learnphoenix.io/how-long-should-i-make-my-api-key-833ebf2dc26f,59,34,okket,8/20/2016 11:34
11051973,Differential privacy for dummies,https://github.com/frankmcsherry/blog/blob/master/posts/2016-02-03.md,32,6,mrry,2/7/2016 6:52
11894393,Four months with Haskell,https://lexi-lambda.github.io/blog/2016/06/12/four-months-with-haskell/,249,117,rwosync,6/13/2016 15:03
11352274,macOS: Its time to take the next step,https://medium.com/@ajambrosino/macos-it-s-time-to-take-the-next-step-ee7871ccd3c7#.yx6d97u3j,3,1,epaga,3/24/2016 12:42
12538949,Edx launches new MicroMasters programs,http://blog.edx.org/micromasters?track=blog,5,1,marketanarchist,9/20/2016 12:29
10849739,Google Penguin  Google started rolling out latest Penguin algorithm,https://www.accuranker.com/blog/possible-google-algorithm-update-today-in-the-states/,4,1,ysekand,1/6/2016 10:40
10906253,The Happiness Code,http://www.nytimes.com/2016/01/17/magazine/the-happiness-code.html?_r=2,1,3,ceocoder,1/15/2016 0:58
11844151,Matt Damon's Commencement Address at MIT,http://news.mit.edu/2016/matt-damon-commencement-address-0603,50,53,Gabriel-Lewis,6/6/2016 1:44
10562377,The Exotic Taste of Rice,http://recipes.hypotheses.org/6948,50,5,benbreen,11/13/2015 21:03
12117140,IronPython 3 (python for .net) development restarted,https://www.reddit.com/r/Python/comments/4tbhwr/ironpython_development_restarting/,3,1,tanlermin,7/18/2016 18:34
10843048,The 12 Days of Git: Learn Git Over the Holidays,http://vanwilson.info/2015/12/the-12-days-of-git-learn-git-over-the-holidays/,8,3,vanwilson,1/5/2016 13:14
11526150,Interesting Thing Happened on Way to Beta: My Startup Erased All My Old Debts,https://medium.com/@sarahnadav/an-interesting-thing-happened-on-the-way-to-our-beta-12ce7ed4e41f#.noy9jsog6,2,1,sarahnadav,4/19/2016 11:19
11529810,Ask HN: Are There SEO Secrets That Work or Is It Just Common Sense?,,1,2,kiddz,4/19/2016 20:04
12202321,Show HN: Horizon DevTools - A better dev experience for HorizonJS apps,https://github.com/rrdelaney/horizon-devtools,6,1,rrdelaney,8/1/2016 13:49
12305776,TiVo Series 1 Lifetime Service lasted about 16 years,https://twitter.com/davezatz/status/765629650617982976/photo/1,2,3,theandrewbailey,8/17/2016 16:15
11104928,Ask HN: Open Source project ideas?,,6,6,codegeek,2/15/2016 18:16
12075558,Google used this woman's name on all its templates  she gets messages daily,http://nordic.businessinsider.com/casey-baumer-google-docs-templates-2016-7,8,2,CPAhem,7/11/2016 23:20
11994953,An Indispensable Guide to Early American Murder,http://www.newyorker.com/books/page-turner/the-indispensable-guide-to-early-american-murder,26,2,lermontov,6/28/2016 16:15
10921411,Speed reading promises are too good to be true,http://www.sciencedaily.com/releases/2016/01/160114163035.htm,69,42,apsec112,1/17/2016 22:32
11387248,Pompeiis Graffiti and the Ancient Origins of Social Media,http://www.theatlantic.com/technology/archive/2016/03/adrienne-was-here/475719/?single_page=true,17,7,jonnycombust,3/30/2016 5:59
12474922,Blinkenlights Berlin Documentation [video],https://vimeo.com/6175054,6,2,okket,9/11/2016 18:46
10546797,Ask HN: How do you find time to learn new things?,,23,22,vijayr,11/11/2015 14:29
11313633,Google tries to hire our app,,7,10,phwizard,3/18/2016 18:06
10694392,Ask HN: Your advise wanted for how to get into programming,,2,7,dbob,12/8/2015 2:30
12505350,"Its Time to Ditch the ICBM, Americas Thermonuclear Dinosaur",https://warisboring.com/op-ed-its-time-to-ditch-the-icbm-america-s-thermonuclear-dinosaur-b2ca199a5574#.lltqfgnv4,19,1,smacktoward,9/15/2016 12:05
11600216,How Plutocrats Cripple the IRS: You pay more because elites pay less,http://prospect.org/article/how-plutocrats-cripple-irs,109,139,nkurz,4/30/2016 3:34
11292764,"Photos from Pyongyang, North Korea",http://www.m1key.me/photography/ostensibly_ordinary_pyongyang/,1,1,jlturner,3/15/2016 20:34
12056158,African wildlife officials appalled as EU opposes a total ban on ivory trade,https://www.theguardian.com/environment/2016/jul/06/african-wildlife-officials-appalled-as-eu-opposes-a-total-ban-on-ivory-trade,140,132,adamnemecek,7/8/2016 15:24
11564864,Why I'm Learning to Type All Over Again,http://www.popularmechanics.com/technology/a20524/learning-to-type-again-colemak/,7,1,gribbits,4/25/2016 15:33
10301739,"Teslas $140,000 Model X SUV Does 0-60 in 3.2 Seconds",http://techcrunch.com/2015/09/29/teslas-140000-model-x-suv-does-0-60-in-3-2-seconds-hits-the-road-starting-tonight/,76,67,hack4supper,9/30/2015 4:25
11019539,Citizen uses OpenCV to track speeders near his home,http://www.cvilletomorrow.org/news/article/22908-locust-avenue-speeding/,105,135,danso,2/2/2016 14:22
11137086,Malariaspot.org A game to help diagnose malaria,http://malariaspot.org,2,1,alfonsodev,2/19/2016 22:16
11487244,"Show HN: Practice Makes Regexp, a workbook to master regular expressions",http://practicemakesregexp.com/,2,2,reuven,4/13/2016 11:22
10247492,U.S. And China Seek Arms Deal for Cyberspace,http://www.nytimes.com/2015/09/20/world/asia/us-and-china-seek-arms-deal-for-cyberspace.html?hp&action=click&pgtype=Homepage&module=second-column-region&region=top-news&WT.nav=top-news&_r=0,3,1,digital55,9/20/2015 13:50
12491101,Lawmaker who opposed universal helmet law dies in motorcycle crash,http://www.cnn.com/2016/09/13/health/lawmaker-dies-in-motorcycle-crash-trnd/index.html,4,2,woliveirajr,9/13/2016 18:43
11291568,Source of the famous Now you have two problems quote,http://regex.info/blog/2006-09-15/247#comment-3085,2,1,shawndumas,3/15/2016 17:51
10734523,Plumber sues Ford dealer after truck with logo was used by extremists in Syria,https://www.washingtonpost.com/news/morning-mix/wp/2015/12/14/plumber-sues-ford-dealer-after-truck-with-company-logo-was-used-by-jihadists-in-syria/,79,48,tlrobinson,12/14/2015 22:33
10299500,"Ask HN: Scala or Elixir, What would you recommend me?",,14,12,sanosuke,9/29/2015 20:46
12292493,The Power of Company Mottoes,https://mondaynote.com/the-power-of-company-mottoes-d57754146554,47,16,jcurbo,8/15/2016 18:41
11540646,Cool tool to present from browser to browser,https://www.beamium.com,2,1,slideflight,4/21/2016 9:30
10798039,Show HN: Turn websites into structured APIs,https://www.kimonolabs.com/,7,1,franzunix,12/27/2015 17:20
11877848,Judge Alsup Denies Oracle's JMOL [pdf],http://arstechnica.com/wp-content/uploads/2016/06/order.denying.motions.pdf,11,1,ktRolster,6/10/2016 17:07
11194063,Raspberry Pi becomes best-selling UK computer,http://www.bbc.co.uk/news/technology-35667990,3,1,roughcoder,2/29/2016 7:24
12296021,Court: US seizure of Kim Dotcoms millions and 4 jet skis will stand,http://arstechnica.com/tech-policy/2016/08/court-us-seizure-of-kim-dotcoms-millions-and-4-jet-skis-will-stand/,6,1,compil3r,8/16/2016 7:19
10594306,"Show HN: Introducing Moya Techblog, a blogging engine for coders and photographers",https://www.willmcgugan.com/blog/tech/post/moya-tech-blog/,7,1,billowycoat,11/19/2015 12:13
11065067,Verifying a Sorting Algorithm,https://4z2.de/2016/02/07/verifying-sorting-algorithms,2,6,lorenzhs,2/9/2016 13:26
10309516,Mathematics Made Difficult  A Handbook for the Perplexed (1971) [pdf],http://i7-dungeon.sourceforge.net/math_hard.pdf,26,3,peterwwillis,10/1/2015 6:12
12201066,Simit: A language for computing on sparse systems,http://simit-lang.org/index.html,37,3,panic,8/1/2016 9:20
12150079,Bejeweled skeletons of Catholic martyrs,http://www.smithsonianmag.com/history/meet-the-fantastically-bejeweled-skeletons-of-catholicisms-forgotten-martyrs-284882/?no-ist,13,1,Phithagoras,7/23/2016 16:54
11141668,Google Lowered Taxes by $2.4B Using European Subsidiaries,http://www.bloomberg.com/news/articles/2016-02-19/google-lowered-taxes-by-2-4-billion-using-european-subsidiaries,146,249,kungfudoi,2/20/2016 20:03
11378590,Ask HN: What is LLVM (from the perspective of a middling Rails developer)?,,1,1,mmanfrin,3/29/2016 0:15
11563998,Show HN: A functional language and an optimising compiler generating GPU code,http://futhark-lang.org,4,1,Athas,4/25/2016 13:27
11531955,Would You Ride a Bus from SF to LA If You Had Your Own Bed?,http://gizmodo.com/would-you-ride-a-bus-from-sf-to-la-if-you-could-sleep-t-1771921091,45,54,curtis,4/20/2016 2:53
11570478,I could have built that in 2 weeks,http://anishgodha.com/2016/04/26/i-could-have-built-that-in-2-weeks!,3,1,anishgodha,4/26/2016 9:31
10768349,Zero to 140 Paying Customers in 10 Months (pivot story),https://sameroom.io/blog/from-pivot-to-140-paying-customers-in-ten-months/,2,1,rekoros,12/20/2015 21:24
10741251,Ask HN: Are there any projects or compilers which convert JavaScript to Java?,,1,2,ggonweb,12/15/2015 23:26
10607018,"Ask HN: If you build it, they will come doesn't work. How do we market our app?",,85,72,mstipetic,11/21/2015 15:42
12368032,"Why cities keep growing, corporations and people die, and life gets faster",https://www.edge.org/conversation/geoffrey_west-why-cities-keep-growing-corporations-and-people-always-die-and-life-gets,120,44,triplesec,8/26/2016 18:00
11590421,Suspect jailed indefinitely for refusing to decrypt hard drives,http://arstechnica.co.uk/tech-policy/2016/04/child-porn-suspect-jailed-for-7-months-for-refusing-to-decrypt-hard-drives/,153,126,hvo,4/28/2016 17:15
11521952,This Warms My Heart: Netflix Has Twice as Many US Subscribers as Comcast,https://www.allflicks.net/netflix-has-twice-as-many-u-s-subscribers-as-comcast/,2,2,IamFermat,4/18/2016 18:10
10370226,How important are human-readable slug components in a social platform's urls?,,2,2,tallerholler,10/11/2015 17:56
10755465,Show HN: Scaling Meteor to 2 Million Concurrent Users,https://github.com/AdamBrodzinski/meteor_elixir,9,1,adambrod,12/17/2015 23:28
10610697,Ask HN: Where do you want to work?,,2,2,soared,11/22/2015 17:27
10250077,Ad blocking controversy just foolishness,http://creaturefeaturecode.blogspot.com/2015/09/ad-blocking-controversy-aka-foolishness.html,20,16,elialbert,9/21/2015 2:35
11276077,We have decided to change the Perfect license [from AGPL to Apache],http://perfect.org/blog.html,4,7,Redoubts,3/13/2016 3:39
10283132,How is your experience using parse.com in production?,,7,2,guillaumebesse,9/26/2015 14:12
10799084,Naukratis: ancient Egypts version of Hong Kong unearthed by British team,http://www.theguardian.com/science/2015/dec/26/ancient-egypts-version-of-hong-kong-is-unearthed-by-british-team,27,3,situationista,12/27/2015 23:13
12197474,Show HN: Trading platform for Pokemon Go,https://medium.com/@deadlocked_d/pok%C3%A9mon-yo-the-missing-social-platform-in-pok%C3%A9mon-go-9e86cffd0c91#.25ev705yx,1,1,liongate2,7/31/2016 16:02
11872901,Ruin My Search History,http://ruinmysearchhistory.com/,333,199,jewbacca,6/9/2016 22:39
11907960,Ask HN: What non-technical skills make a senior dev and how to develop them?,,212,130,poushkar,6/15/2016 8:52
11277555,"Wire  modern, private messaging from Skype co-founder",https://wire.com,134,68,thomanq,3/13/2016 13:10
12055806,Virtual Reality Aimed at the Elderly Finds New Fans,http://www.npr.org/sections/health-shots/2016/06/29/483790504/virtual-reality-aimed-at-the-elderly-finds-new-fans,78,41,vwcx,7/8/2016 14:36
10179920,Show HN: Easiest way to build html tables in React,https://github.com/legitcode/table,3,2,zackify,9/7/2015 3:20
12061115,Bag of Tricks for Efficient Text Classification,https://arxiv.org/abs/1607.01759,169,15,T-A,7/9/2016 12:38
11491025,Understanding Venture Capital,https://hardbound.co/read/understanding-vc/1,6,1,dshipper,4/13/2016 18:44
10770925,Is bandwidth as issue?,,1,7,chintan39,12/21/2015 13:15
11803032,Show HN: Sentinel  my second side project,,4,2,robinhood,5/30/2016 20:35
12185022,Kelsey Hightower questions Docker leading OCI standard,https://twitter.com/kelseyhightower/status/758832320245665792,69,10,hiphipjorge,7/29/2016 4:27
10745483,Biggest mystery in mathematics in limbo after cryptic meeting,http://www.nature.com/news/biggest-mystery-in-mathematics-in-limbo-after-cryptic-meeting-1.19035,106,64,signa11,12/16/2015 16:52
10787689,Show HN: Algolia (YC W14) Presents DocSearch,https://community.algolia.com/docsearch/,9,1,redox_,12/24/2015 9:51
12023437,Running I3 Window Manager on Ubuntu for Windows,https://brianketelsen.com/i3-windows/,234,168,bketelsen,7/2/2016 18:47
11206098,Show HN: Visual Code Execution Tool (watch code execute),http://under.patricklegros.me/,1,1,plegros,3/1/2016 21:13
11278551,An introduction to LLVM in Go,https://blog.felixangell.com/an-introduction-to-llvm-in-go/,155,12,0xbadb002,3/13/2016 17:44
12105428,Nancy  A lightweight web framework for .NET,http://nancyfx.org,76,19,hitr,7/16/2016 6:09
12238834,"Torrentz Gone, KAT Down, Are Torrent Giants Doomed to Fall?",https://torrentfreak.com/torrentz-gone-kat-down-are-torrent-giants-doomed-to-fall-160806/,13,3,chewymouse,8/6/2016 17:01
12303079,Apple is currently holding $181 billion overseas,https://theintercept.com/2016/08/16/ceo-tim-cook-decides-apple-doesnt-have-to-pay-corporate-tax-rate-because-its-unfair/,36,27,LaSombra,8/17/2016 7:55
11125326,Where polyfill came from / on coining the term,https://plus.google.com/+PaulIrish/posts/4okUyAE1qQH,1,1,antouank,2/18/2016 12:44
10221668,Ask HN: Is your company not using React.js due to PATENT file?,,1,3,dominotw,9/15/2015 16:52
10597372,Rapid MVP Standards  Tips to accelerate your startup hacking,http://niftylettuce.com/rapid-mvp-standards/,16,8,niftylettuce,11/19/2015 20:28
11431162,Twitter buys NFL streaming rights for 10 Thursday Night Football games,http://arstechnica.com/business/2016/04/twitter-buys-nfl-streaming-rights-for-10-thursday-night-football-games/,2,1,charlieegan3,4/5/2016 15:33
12118465,Shortcuts for Waze 2.0  create custom navigation shortcuts [Android App],https://play.google.com/store/apps/details?id=com.uxiomatic.shortcutsforwaze&referrer=utm_source%3Dhn,2,1,UXiomatic,7/18/2016 22:48
10894721,SoundCloud and Universal Music Agree to Licensing Deal,http://www.nytimes.com/2016/01/14/business/media/soundcloud-and-universal-music-agree-to-licensing-deal.html,30,13,hannes2000,1/13/2016 15:00
11214762,What Made the Aeron Chair an Icon,http://www.fastcodesign.com/3057277/what-made-the-aeron-chair-an-icon,5,2,ohjeez,3/3/2016 3:03
12370340,Decoding the Civil War,https://www.zooniverse.org/projects/zooniverse/decoding-the-civil-war,55,4,Hooke,8/27/2016 0:55
12424856,Trying Not to Try (2014),http://m.nautil.us/issue/10/mergers--acquisitions/trying-not-to-try,2,1,sperant,9/4/2016 15:35
10793178,Ask HN: When to not use Tor?,,1,2,dayon,12/26/2015 3:46
12281252,ELF Binaries on Linux: Executable and Linkable Format,https://linux-audit.com/elf-binaries-on-linux-understanding-and-analysis/,56,8,giis,8/13/2016 12:45
10284042,IRHydra: Display V8 and Dart VM Intermediate Representations,https://github.com/mraleph/irhydra/,23,5,jcr,9/26/2015 18:53
12515396,New regs on sharing data from clinical trials,https://directorsblog.nih.gov/2016/09/16/clinical-trials-sharing-of-data-and-living-up-to-our-end-of-the-bargain/,1,1,sciadvance,9/16/2016 16:56
10179666,Userscript to tag paywalled posts,https://github.com/voltagex/hackernews-paywalltag,1,1,voltagex_,9/7/2015 0:50
10903490,We own you: the sad story of startups,https://medium.com/mega-maker/we-own-you-9a97819ad292#.7ng5iwqvn,15,4,ilostmykeys,1/14/2016 18:55
12093536,Create a certificate authority for local development,https://github.com/latentflip/dev-cert-authority,6,1,jellekralt,7/14/2016 13:28
10194682,Show HN: Weather Search  find places by weather,http://weathersearch-ertmanlabs.rhcloud.com/,2,1,dtertman,9/9/2015 21:17
11690595,VODER (1939)  Early Speech Synthesizer,https://www.youtube.com/watch?v=0rAyrmm7vv0,2,1,ZeljkoS,5/13/2016 14:28
12102606,"Show HN: Chirp for Twitter, a Chrome extension for easy screenshot+tweeting",https://chrome.google.com/webstore/detail/chirp-for-twitter/mlocpcjojbacdcajmjmlfonfibnleede,3,1,wannatouchmyfro,7/15/2016 17:39
11872856,"BlackBerry hands over user data to help police 'kick ass,' insider says",http://www.cbc.ca/news/technology/blackberry-taps-user-messages-1.3620186,174,66,yq,6/9/2016 22:29
11271749,"A minimalist concatenative, homoiconic, panmorphic language",https://github.com/sparist/Om,4,3,priyatam,3/12/2016 7:41
10401542,Ask HN: How can I promote my opensource tool to hit broader audience?,,4,7,adnanh,10/16/2015 19:37
11640291,The Productivity of Working Hours (2014) [pdf],http://ftp.iza.org/dp8129.pdf,82,16,luu,5/5/2016 22:51
12293317,Physics: possible fifth force of nature,http://phys.org/news/2016-08-physicists-discovery-nature.html,8,1,lvecsey,8/15/2016 20:49
11358999,Day of Week Algorithm,https://www.programmingalgorithms.com/algorithm/day-of-week,83,52,ltcode,3/25/2016 8:23
11457135,U.S. Post Office Makes Stamps Cheaper for the First Time in 100 Years,http://fortune.com/2016/04/07/usps-post-office-stamps/,43,33,eplanit,4/8/2016 19:18
12106377,Cyberpower Crushes Coup,https://medium.com/@thegrugq/cyberpower-crushes-coup-b247f3cca780#.xlupv444n,2,1,kushti,7/16/2016 14:11
11990142,Iris Automation (YC S16) gives drones situational awareness to fly autonomously,http://themacro.com/articles/2016/06/iris-automation/,46,30,stvnchn,6/27/2016 22:50
11825259,The Creative Worlds Bullshit Industrial Complex,http://99u.com/articles/53863/the-creative-worlds-bullshit-industrial-complex,29,5,3stripe,6/2/2016 19:18
12399762,HackerSurfing II: Free Trip to Italy for Job-Seeking Engineers and Designers,https://hackersurfing.com/italy,11,2,vu0tran,8/31/2016 17:00
10891214,How would you improve the company you work for?,,13,33,eecks,1/12/2016 23:26
11240336,Ask HN: Do you need a degree/diploma for a TN-1 (or other work) Visa?,,12,15,jlos,3/7/2016 18:02
10589105,Who are we Writing Code for?,http://arne-mertz.de/2015/11/whom-are-we-writing-code-for/,5,1,ingve,11/18/2015 17:17
12226181,Sidecar: Service Discovery for All Docker Environments,http://relistan.com/sidecar-service-discovery-for-all-docker-environments/,1,2,relistan,8/4/2016 15:32
10623592,Kindergarten Teacher Bans Legos for Boys Citing Gender Equity,http://seattle.cbslocal.com/2015/11/19/kindergarten-teacher-bans-legos-for-boys-citing-gender-equity/,11,6,fleitz,11/24/2015 20:51
11999752,Microsoft tweaks aggressive Windows 10 upgrade prompt following complaints,http://www.theverge.com/2016/6/28/12049876/microsoft-windows-10-upgrade-notification-change,2,1,sratner,6/29/2016 5:50
11581749,SpaceX plans to send spacecraft to Mars as early as 2018,http://www.theverge.com/2016/4/27/11514844/spacex-mars-mission-date-red-dragon-rocket-elon-musk?utm_campaign=theverge&utm_content=chorus&utm_medium=social&utm_source=twitter,2,1,shekhar101,4/27/2016 16:14
10834382,Ask HN: How does turning off my ad blocker help?,,2,2,mproud,1/4/2016 7:06
10813633,Ask HN: Facebook threatening to permanently delete my account. Who do I contact?,,7,6,auganov,12/30/2015 19:03
12526500,Religion in US 'worth more than Google and Apple combined',https://www.theguardian.com/world/2016/sep/15/us-religion-worth-1-trillion-study-economy-apple-google,1,1,vinnyglennon,9/18/2016 18:36
10413272,Pgmemcahe :A PostgreSQL memcache functions,https://github.com/ohmu/pgmemcache/,2,1,websec,10/19/2015 14:55
11565702,Why haven't any Wall Street executives been prosecuted for fraud?,https://www.quora.com/What-are-the-real-reasons-that-no-Wall-Street-executives-have-been-prosecuted-for-fraud-as-a-result-of-the-2008-financial-crisis/answer/Elizabeth-Warren?share=1,3,1,enraged_camel,4/25/2016 17:16
11627450,Apple is now run by a guy who is more like John Sculley than Steve Jobs,http://recode.net/2016/05/03/apple-is-now-run-by-a-guy-who-is-more-like-john-sculley-than-steve-jobs/,90,90,gvb,5/4/2016 10:54
12524558,No Big Bang? Quantum equation predicts universe has no beginning (2015),http://phys.org/news/2015-02-big-quantum-equation-universe.html,24,1,wanderer42,9/18/2016 9:21
10381974,Ask HN: Has any African startup ever been accepted to Y Combinator?,,1,1,chirau,10/13/2015 17:26
10180891,Evaluation of Splittable Pseudo-Random Generators [pdf],http://www.hg.schaathun.net/research/Papers/hgs2015jfp.pdf,14,1,jcr,9/7/2015 10:38
12424184,Cow Dung Goes High Design,http://www.nytimes.com/2016/08/29/t-magazine/cow-poop-design-museum-castelbosco-farm.html,34,3,endswapper,9/4/2016 13:20
11019096,"Ask HN: 1 book,1 article and 1 research paper you suggest?",,2,1,jharohit,2/2/2016 12:47
11521530,Start up job  what should I ask when putting together my financial package,,2,1,armandgw,4/18/2016 17:18
11109277,Stats of punctuation used in novels,https://medium.com/@neuroecology/punctuation-in-novels-8f316d542ec4#.sj4fc7yi0,4,1,mirap,2/16/2016 11:59
10613215,Burma Gives a Thumbs-Up to Facebook,http://foreignpolicy.com/2015/11/13/burma-gives-a-big-thumbs-up-to-facebook/,7,2,thedogeye,11/23/2015 6:41
10829959,"To Maximize Weight Loss, Eat Early in the Day, Not Late",http://www.npr.org/blogs/thesalt/2013/01/30/170591028/to-maximize-weight-loss-eat-early-in-the-day-not-late,1,3,tmbsundar,1/3/2016 8:44
12405452,The kernel community confronts GPL enforcement,https://lwn.net/SubscriberLink/698452/f808dcfcaf34fddf/,125,111,corbet,9/1/2016 14:27
11415492,People cannot buy BA tickets because of jQuery not loaded,https://twitter.com/search?q=british%20airways%20jquery&src=typd,2,1,gregdoesit,4/3/2016 9:19
10582091,You Can't Sell a Notebook  Why I Keep Secrets as a Wannabe Inventor,https://medium.com/@6StringMerc/why-i-keep-secrets-as-a-wannabe-inventor-cc06886147d3,2,1,6stringmerc,11/17/2015 16:27
10560835,"Ask HN: Broken tests, huge (250 commit) pull requests, growing team, what to do?",,6,10,RomanPushkin,11/13/2015 16:57
11589040,Zcomm.org seems to have gotten wiped,https://zcomm.org/,1,1,k_sze,4/28/2016 14:22
10803136,I worked at Amazon to see if anything's changed,http://www.vice.com/en_uk/read/inside-amazon-at-christmas-929,163,160,vanilla-almond,12/28/2015 20:23
10266389,Breeding the Nutrition Out of Our Food (2013),http://www.nytimes.com/2013/05/26/opinion/sunday/breeding-the-nutrition-out-of-our-food.html,93,53,primroot,9/23/2015 17:16
11621959,What Kind of Sorcery Is This? Why code is so often compared to magic,http://www.theatlantic.com/technology/archive/2016/05/the-magic-of-code/478794/?single_page=true,5,1,w1ntermute,5/3/2016 16:16
12190498,Show HN: DJ in the browser,https://lukeandersen.github.io/reactor,61,35,musicnrd,7/29/2016 22:23
12567048,How Nuclear Power Contributes to Global Warming,http://www.commondreams.org/views/2016/09/23/how-nuclear-power-causes-global-warming,1,2,Esperaux,9/23/2016 18:52
10418882,Httpie: A CLI http client,http://radek.io/2015/10/20/httpie/,391,49,astro-,10/20/2015 13:11
10568176,Run containers on bare metal already [video],https://www.youtube.com/watch?v=coFIEH3vXPw,131,35,tdurden,11/15/2015 1:50
11143811,"Kemal: Fast, simple web framework for Crystal",http://kemalcr.com/,54,16,sdogruyol,2/21/2016 8:38
12258279,Trumps assassination joke isnt just a threat to Secretary Clinton,https://medium.com/@wilw/trumps-assassination-joke-isn-t-just-a-threat-to-secretary-clinton-77fe430131f,13,13,okket,8/9/2016 22:56
10436756,How adblocking matures from no ads to safe ads,http://blogs.law.harvard.edu/doc/2015/10/22/how-adblocking-matures-from-noads-to-safeads/,12,7,kawera,10/23/2015 4:10
11471630,Ask HN: What are the resources you would suggest for Machine learning?,,6,2,aryamaan,4/11/2016 14:17
10581137,Neural Programmer: Inducing Latent Programs with Gradient Descent [pdf],http://xxx.lanl.gov/pdf/1511.04834v1.pdf,59,21,dave_sullivan,11/17/2015 14:15
10858062,Show HN: Nigit  Expose Shell Scripts as HTTP API,https://github.com/lukasmartinelli/nigit,19,6,morgenkaffee,1/7/2016 14:28
11635516,Show HN: Automated discount hacking in your browser,https://www.couponmate.com/?=HN,2,2,michelkarma,5/5/2016 12:38
10488517,Does an Apple Watch Discount Point to Flagging Sales Numbers?,http://www.forbes.com/sites/theopriestley/2015/11/01/does-an-apple-watch-discount-point-to-flagging-sales-numbers/,3,2,stanfordnope,11/1/2015 21:53
10597118,21 Indian habits i lost in San Francisco,https://medium.com/@syedshuttari/21-indian-habits-i-lost-in-san-francisco-49e57dadff30#.6pro0159m,3,1,syed123,11/19/2015 19:55
12455510,WaveNet: A Generative Model for Raw Audio,https://deepmind.com/blog/wavenet-generative-model-raw-audio/,627,145,benanne,9/8/2016 18:08
11938386,Australian 'Bitcoin founder' quietly bidding for patent empire,http://www.reuters.com/article/us-bitcoin-wright-patents-idUSKCN0Z61GM,6,4,eric_h,6/20/2016 14:52
10991841,Microsoft Cloud Strength Highlights Second Quarter Results,https://www.microsoft.com/investor/EarningsAndFinancials/Earnings/PressReleaseAndWebcast/FY16/Q2/default.aspx,105,37,theatraine,1/28/2016 22:15
12487926,Tell Justin Trudeau to Fight for Web Developer Saeed Malekpour,https://www.eff.org/deeplinks/2016/09/tell-justin-trudeau-free-saeed-malekpour,95,30,iamjeff,9/13/2016 13:21
10496842,"Show HN: My First Apple TV App, Streaks Workout",http://streaksworkout.com,9,5,qzervaas,11/3/2015 1:52
10178048,What F. Scott Fitzgeralds tax returns reveal about his life and times (2009),https://theamericanscholar.org/living-on-500000-a-year/,69,35,danso,9/6/2015 16:19
10475833,Ask HN: Client is bullying for refund since beginning,,5,15,codegeek,10/30/2015 2:34
11299590,Solving the Mystery of the Tully Monster,http://www.theatlantic.com/science/archive/2016/03/solving-the-mystery-of-the-tully-monster/473823/?single_page=true,27,6,curtis,3/16/2016 18:29
11653215,Ask HN: How do you like the trend of auto-playing videos on mainstream sites?,,6,8,hellofunk,5/8/2016 8:30
11450419,How Meadow Is Building a Company and Community Around Cannabis,http://www.themacro.com/articles/2016/04/meadow-interview/,71,43,hua,4/7/2016 20:28
10363316,Ben Carsons insane gun control arg. points Americans towards armed insurrection,http://qz.com/521137/what-exactly-is-ben-carson-advocating-for-america-when-it-comes-to-hitler-the-holocaust-and-gun-control-laws/,5,4,smalera,10/9/2015 21:14
10480565,Ask HN: How do I become a Data Engineer,,7,2,josep2,10/30/2015 21:12
10379327,The merger of Dell and EMC stems from the rise of cloud computing,http://www.economist.com/news/business/21673523-clouded-marriage-merger-dell-and-emc-more-proof-it-industry-shifting,50,14,jimsojim,10/13/2015 9:31
10903393,A New Instapaper Parser,http://blog.instapaper.com/post/137288701461,58,18,ingve,1/14/2016 18:42
11289495,"A different kind of tutorial, but does the idea work?",http://source.lishman.com/tutorial/marklishman/learn-angular-2/getting-started,2,1,lishy,3/15/2016 13:40
11592494,Front-End Performance: The Dark Side,https://dev.opera.com/blog/timing-attacks/,110,13,obi1kenobi,4/28/2016 22:58
10378219,The Case for Building Scalable Stateful Services,http://highscalability.com/blog/2015/10/12/making-the-case-for-building-scalable-stateful-services-in-t.html?utm_source=feedburner&utm_medium=feed&utm_campaign=Feed%3A+HighScalability+%28High+Scalability%29,139,16,aarkay,10/13/2015 2:28
12522399,MV(Game): Need help with game ideas for 1Millioncoins.com,,1,1,sharemywin,9/17/2016 20:52
11733165,Show HN: ReactJS Open Source Chat,,6,2,lgse,5/19/2016 19:48
12570947,"Ask HN: If you've successfully outsourced software dev work, how did you do it?",,3,1,Mattasher,9/24/2016 14:03
12106069,Western-style diet linked to state-dependent memory inhibition,http://sciencebulletin.org/archives/3270.html,72,30,upen,7/16/2016 12:00
11264126,Using Nginx to load balance microservices,https://hagbarddenstore.se/posts/2016-03-11/using-nginx-to-load-balance-microservices/,38,10,hagbarddenstore,3/11/2016 1:50
11049149,So you still don't understand Hindley-Milner? (2013),http://akgupta.ca/blog/2013/05/14/so-you-still-dont-understand-hindley-milner/,202,9,mpgirro,2/6/2016 18:58
12018799,"Macy's banned from detaining and fining alleged shoplifters, judge rules",https://www.theguardian.com/business/2016/jul/01/macys-shoplifting-detention-fines-lawsuit-ruling,14,6,walterbell,7/1/2016 19:00
11999692,Paul Simon contemplating retirement,http://www.nytimes.com/2016/06/29/nyregion/paul-simon-retirement-stranger-to-stranger.html,2,1,rmason,6/29/2016 5:31
10326053,Population.io  The World Population Project,http://population.io/,99,46,tilt,10/4/2015 1:38
12418156,More of a Disruptive Virtual Accelerator Than a Hackathon with $50k Grand Prize,http://www.ibtimes.co.uk/ethercamps-second-global-hacking-event-kicks-off-november-1579296,8,4,compil3r,9/3/2016 7:29
10620016,How PostCSS became 1.5x faster by changing 2 lines of code,https://evilmartians.com/chronicles/postcss-1_5x-faster,55,28,iskin,11/24/2015 10:15
11862114,Stop putting two spaces after a period (2014),http://www.cultofpedagogy.com/two-spaces-after-period/,1,1,forrestbrazeal,6/8/2016 13:29
10525008,Why Johnny Still Can't Encrypt: Evaluating the Usability of a Modern PGP Client,http://arxiv.org/abs/1510.08555,259,160,lisper,11/7/2015 15:25
10303197,Show HN: Beluga 0.1  Docker Deployment Tool,https://github.com/cortexmedia/Beluga,34,13,ctex,9/30/2015 11:49
10800970,Ancient sword suggests Romans might have discovered America,http://www.bostonstandard.co.uk/news/local/startling-new-report-on-oak-island-could-rewrite-history-of-the-americas-1-7118097,10,14,kbart,12/28/2015 13:20
12328822,Ask HN: How to optimize Nginx for static content?,,3,1,ffggvv,8/20/2016 23:49
10812406,Ask HN: How do you find new podcasts?,,3,1,samsolomon,12/30/2015 15:30
11381736,Google is completely redesigning AdWords,http://searchengineland.com/adwords-redesign-first-look-246074,4,2,uptown,3/29/2016 14:36
11986442,Goods: Organizing Google's Datasets,http://dl.acm.org/citation.cfm?id=2903730,59,2,dedalus,6/27/2016 14:43
11674394,GCHQ Boiling Frogs,https://github.com/GovernmentCommunicationsHeadquarters/BoilingFrogs,4,5,russ-b-ukg,5/11/2016 11:54
12301019,A Magnetic Wormhole (2015),http://www.nature.com/articles/srep12488,106,72,jotux,8/16/2016 22:12
12312088,"Morgan Stanley drops ratings,goes with Adjectives",https://grosum.com/blog.do?method=openBlogBody&id=Morgan_Stanley_drops_ratings_goes_with_adjectives,2,1,the_bong_one,8/18/2016 12:52
12204866,Show HN: Secure Linux Apps on the Mac Desktop Through Docker,http://blog.alexellis.io/linux-desktop-on-mac/,21,5,alexellisuk,8/1/2016 18:47
10281466,The story of a shy academic,https://www.timeshighereducation.com/features/the-story-of-a-shy-academic?nopaging=1,48,1,benbreen,9/25/2015 23:59
10744451,8 reasons why I moved to Switzerland to work in IT,https://medium.com/@iwaninzurich/eight-reasons-why-i-moved-to-switzerland-to-work-in-it-c7ac18af4f90,5,3,zxcvbnmmnbvcxz,12/16/2015 14:34
12157293,Lisp Flavoured Erlang,http://lfe.io/,129,44,indatawetrust,7/25/2016 8:43
12449052,"U.S. job openings at record high, skills mismatch emerging",http://reuters.com/article/newsOne/idUSKCN11D1UX,3,1,petethomas,9/7/2016 23:55
12058181,Pakistan's obstinately humble hero Edhi dies at 92,https://www.thenews.com.pk/latest/133442-Philanthropist-Abdul-Sattar-Edhi-passes-away,3,2,danial,7/8/2016 19:51
12299289,Ask HN: Human-Realistic Robots?,,1,6,poppup,8/16/2016 18:05
12251964,"Ask HN: If you found an easy way to factor large numbers, would you tell anyone?",,43,43,c0nrad,8/9/2016 1:30
11198776,GoPro Shells Out $105M for Two Video Editing Startups,http://www.forbes.com/sites/ryanmac/2016/02/29/gopro-shells-out-105-million-for-two-video-editing-startups/#58265f511142,5,1,trueduke,2/29/2016 21:37
11359884,Why Learning to Code Won't Save Your Job,http://www.fastcompany.com/3058251/the-future-of-work/why-learning-to-code-wont-save-your-job,15,16,nols,3/25/2016 13:28
10920508,Fast Incident Response: a cybersecurity incident management platform,https://github.com/certsocietegenerale/FIR,33,10,based2,1/17/2016 19:04
12542029,Safari 10.0,https://developer.apple.com/library/content/releasenotes/General/WhatsNewInSafari/Articles/Safari_10_0.html,42,51,bomanbot,9/20/2016 18:36
12313406,Man Who Introduced Millions to Bitcoin Says Blockchain Is a Bust,http://www.bloomberg.com/news/articles/2016-08-18/man-who-introduced-millions-to-bitcoin-says-blockchain-is-a-bust,21,15,virtualwhys,8/18/2016 15:47
10978945,Hacker News Telegram channel,https://telegram.me/hacker_news_feed,2,1,dartf,1/27/2016 8:33
11552995,Ask HN: How do you harmonize user data?,,25,19,hackerews,4/22/2016 22:31
10452252,"FLIF, the new lossless image format that outperforms PNG, WebP and BPG",http://cloudinary.com/blog/flif_the_new_lossless_image_format_that_outperforms_png_webp_and_bpg,8,1,nadavs,10/26/2015 16:00
11888538,"Hyperloop One Will Be Underwater, Underground, Across the World",https://www.inverse.com/article/16873-brogan-bambrogan-hyperloop-one-will-be-underwater-underground-across-the-world,24,13,SonicSoul,6/12/2016 15:36
10239557,The page you requested has not yet been optimized for a mobile device,http://m.ibm.com/http/www-03.ibm.com/security/services/endpoint-data-protection/,2,3,wslh,9/18/2015 14:59
10204721,Uber Would Like to Buy Your Robotics Department,http://www.nytimes.com/2015/09/13/magazine/uber-would-like-to-buy-your-robotics-department.html?hp&action=click&pgtype=Homepage&module=second-column-region&region=top-news&WT.nav=top-news,141,90,calcsam,9/11/2015 16:49
10945426,Ask HN: How do you talk to customers?,,17,5,magic_man,1/21/2016 14:38
11049993,Git-blame-someone-else  Blame someone else for your bad code,https://github.com/jayphelps/git-blame-someone-else,150,14,mablae,2/6/2016 21:31
10407865,"What Facebook, Blue Jeans, and Metal Signs Taught Us About Tornado Science",http://nautil.us/blog/what-facebook-blue-jeans-and-metal-signs-taught-us-about-tornado-science,26,7,dnetesn,10/18/2015 11:06
11779217,Sensor21: Earn Bitcoin by collecting environmental data,https://21.co/learn/sensor21,5,1,markmassie,5/26/2016 16:25
12101743,How yuppies hacked the original hacker ethos (2015),https://aeon.co/essays/how-yuppies-hacked-the-original-hacker-ethos,94,82,daveloyall,7/15/2016 15:38
11606816,Mozilla Firefox market share hits another new low,http://www.drwindows.de/content/9946-nutzungsanteile-windows-10-stagniert-chrome-besteigt-thron.html,3,1,Tekmasta,5/1/2016 16:39
10662315,Why Hackers Must Welcome Social Justice Advocates,https://medium.com/@coralineada/why-hackers-must-welcome-social-justice-advocates-1f8d7e216b00,4,1,davidgerard,12/2/2015 11:26
11416922,Why No Dining App Is the Airbnb of Food Yet,http://www.eater.com/2016/3/31/11293260/airbnb-for-food-apps-eatwith-feastly,94,76,prostoalex,4/3/2016 17:54
11405351,RIP Over-Engineered Blog,http://jlongster.com/RIP-Over-Engineered-Blog,8,2,snake_case,4/1/2016 15:12
10518801,Show HN: Drbble  organise pickup soccer (football) games,http://drbble.com,2,1,zoran119,11/6/2015 10:52
11814657,"[XKCD Flowchart] How to tell the year of a map, from it's features",http://xkcd.com/1688/large/,20,2,xd1936,6/1/2016 14:39
11216251,PULPino  An open-source microcontroller system based on RISC-V,http://www.pulp-platform.org/,80,8,razer6,3/3/2016 11:47
10798572,SHA-1: A History of Hard Choices,https://medium.com/@sleevi_/a-history-of-hard-choices-c1e1cc9bb089#.dawqa3w0p,10,1,cpeterso,12/27/2015 20:04
11131666,Fitzo: Smart and social fitness app to help you get your workout discipline,https://www.fitzo.com,3,2,alishamiudo,2/19/2016 5:01
11529466,Trials and Tribulations of an Anti-Bullying Kickstarter,http://degree180.com/8686-2/,1,1,angersock,4/19/2016 19:23
12011850,Ask HN: What are your favorite personal finance books?,https://www.everwealth.io/blog/best-personal-finance-books/,2,1,alexkehr,6/30/2016 21:22
10831940,Ask HN: What are you currently building?,,145,234,philippnagel,1/3/2016 19:37
11829815,Incrementing the Xcode Build Number  Like a Boss,https://elliot.land/incrementing-the-xcode-build-number,3,3,elliotchance,6/3/2016 12:11
11818214,Show HN: Auto-Cluster RabbitMQ with AWS Autoscaling Groups,http://aweber.github.io/rabbitmq-autocluster/,44,5,crad,6/1/2016 21:15
10984365,"Genetically modified mosquitoes used to fight dengue, zika in Brazil",http://latino.foxnews.com/latino/health/2016/01/27/genetically-modified-mosquitoes-used-to-fight-dengue-zika-in-brazil/,40,28,apsec112,1/27/2016 23:13
11182750,E-Commerce: Convenience Built on a Mountain of Cardboard,http://www.nytimes.com/2016/02/16/science/recycling-cardboard-online-shopping-environment.html,2,1,xoher,2/26/2016 17:45
10498248,Nobody is listening to the UKs anti-surveillance campaigners,http://www.ft.com/cms/s/0/a9bd2f9a-8152-11e5-8095-ed1a37d1e096.html,1,1,unfortunateface,11/3/2015 8:29
11139937,WINE 1.9.4 Released,https://www.winehq.org/announce/1.9.4,172,118,ekianjo,2/20/2016 13:18
10290208,Architectural patterns of resilient distributed systems,https://github.com/Randommood/Strangeloop2015,124,3,yarapavan,9/28/2015 13:02
10789571,My Next Adventure,http://textslashplain.com/2015/12/23/my-next-adventure/,45,10,edward,12/24/2015 21:07
10788503,Does exercise slow the aging process?,http://well.blogs.nytimes.com/2015/10/28/does-exercise-slow-the-aging-process/?_r=1,107,93,tmbsundar,12/24/2015 15:51
11687453,California Franchise Tax Bureau,,1,1,roccogen,5/12/2016 22:59
11162901,Why Building Apps the Wrong Way Can Be the Right Way,https://medium.com/google-developers/why-won-t-this-work-coding-angry-for-fun-and-profit-1ef38a2b7196#.3dpv4bov9,91,43,jtwebman,2/23/2016 22:32
10593077,Messaging App Telegram Blocks ISIS Channels,http://www.businessinsider.com.au/telegram-blocks-isis-channels-2015-11?r=US&IR=T,2,1,empressplay,11/19/2015 6:22
12270205,Go 1.7 Release Candidate 6 is released,https://groups.google.com/forum/?utm_source=golangweekly&utm_medium=email#!msg/golang-nuts/veQCER89M8c/44nryIM1EAAJ,54,7,kevindeasis,8/11/2016 17:38
10615322,React.js  A guide for Rails developers,https://www.airpair.com/reactjs/posts/reactjs-a-guide-for-rails-developers,1,1,tmlee,11/23/2015 16:06
10724420,ZPAQ: Incremental Journaling Backup Utility and Archiver,http://mattmahoney.net/dc/zpaq.html,19,4,pmoriarty,12/12/2015 22:28
10463563,9.5 Low Latency Decision as a Service Design Patterns,http://tech.forter.com/9-5-low-latency-decision-as-a-service-design-patterns/,54,6,itaifrenkel,10/28/2015 10:07
10435343,From Outsourcing Your Life to Full Automation (Part One),https://medium.com/@jyz/from-outsourcing-your-life-to-full-automation-part-one-dd3c74dc5361#.1b75fe7n8,11,6,jyz,10/22/2015 21:49
11993686,A Note on 'Non-Secret Encryption',https://www.gchq.gov.uk/note-non-secret-encryption,2,1,aburan28,6/28/2016 13:43
10197939,Show HN: An interactive comparison of 100 laptops with matte screens,http://www.productchart.com/laptops/sets/1,87,46,no_gravity,9/10/2015 13:43
11039495,Show HN: Sound Shelter  Ready to Find Your New Favourite Record?,https://www.soundshelter.net/land.html,2,4,siquick,2/5/2016 4:40
11006552,People are scared of Disruption,https://medium.com/@diymanik/people-are-scared-of-disruption-c85cde08c656#.tmga6dtm2,1,1,mcnabj,1/31/2016 14:51
10363562,Why elephants rarely get cancer,http://www.csmonitor.com/Science/2015/1009/Why-elephants-rarely-get-cancer,5,2,fahimulhaq,10/9/2015 22:13
12071904,Slow Motion Video of a Speed Solve of a Rubik's Cube,https://www.youtube.com/watch?v=AOMQxLrCI7A,42,8,CarolineW,7/11/2016 15:55
12569238,Nokia to demonstrate a technique for terabit-speed data over optical-fiber,http://www.zdnet.com/article/think-google-fibers-fast-nokia-to-show-off-tech-thats-1000-times-faster/,99,47,wallflower,9/24/2016 3:03
11594247,Australian Govt Productivity Commission: Draft Report on Intellectual Property,http://www.pc.gov.au/inquiries/current/intellectual-property/draft,3,2,ajdlinux,4/29/2016 7:21
10704714,"InfluxDB is now InfluxData, a platform for time series data",https://influxdata.com/blog/influxdb-the-platform-for-time-series-data/,124,36,pauldix,12/9/2015 16:39
10364578,Never Buy a Teacup Pig (2014),http://modernfarmer.com/2014/03/never-buy-teacup-pig/,31,15,shawndumas,10/10/2015 5:04
10652735,"On Clean Energy, the Wind Blows from Germany",http://www.bloombergview.com/articles/2015-11-30/wind-and-solar-are-gaining-ground-in-germany,25,5,T-A,11/30/2015 23:48
10690582,The Death of Surplus,http://hackaday.com/2015/12/07/the-death-of-surplus/,5,1,szczys,12/7/2015 16:48
10310230,Has London succeeded at the expense of the rest of the UK?,http://www.bbc.co.uk/news/resources/idt-248d9ac7-9784-4769-936a-8d3b435857a8,87,140,porker,10/1/2015 10:25
10366137,Ask HN: 512GB flash is cheap and small. Why does high-end phones have 64GB?,,1,5,canow,10/10/2015 17:12
12057386,Thrussh: Portable SSH client and server library in Rust,https://pijul.org/thrussh/,135,62,0xmohit,7/8/2016 17:52
12466092,Dropping Down: Go Functions in Assembly Language,https://github-cloud.s3.amazonaws.com/assets/repositories/23096959/447163?X-Amz-Algorithm=AWS4-HMAC-SHA256&X-Amz-Credential=AKIAISTNZFOVBIJMK3TQ%2F20160909%2Fus-east-1%2Fs3%2Faws4_request&X-Amz-Date=20160909T211045Z&X-Amz-Expires=300&X-Amz-Signature=3ca4d3dc70045125c8c61de0c6ae7b15b7a36bffde01d4f74b22e4d39feaa812&X-Amz-SignedHeaders=host&actor_id=0&response-content-disposition=attachment%3Bfilename%3DGoFunctionsInAssembly.pdf&response-content-type=application%2Fpdf,4,2,posthoctorate,9/9/2016 21:12
11047915,Pippo  Web framework in Java,http://www.pippo.ro/,93,25,networked,2/6/2016 14:46
11754836,How to Trend on the App Store,https://medium.com/@adamturnerLA/how-to-trend-on-the-app-store-a66130950730#.24qiw1hov,2,1,dtft,5/23/2016 16:22
10448648,Dataflow computers: Their history and future (2008) [pdf],http://csrl.unt.edu/~kavi/Research/encyclopedia-dataflow.pdf,47,15,luu,10/25/2015 22:06
10692357,IBM getting the hairdryer treatment,http://www.bbc.co.uk/news/blogs-trending-35027902,3,2,gloves,12/7/2015 20:17
12032251,MostPeople Newsletter  For people who dont take kindly to the status-quo,http://www.mostpeople.co,1,1,EN1,7/4/2016 18:36
11176769,"In an Improving Economy, Places in Distress",http://www.nytimes.com/interactive/2016/02/24/business/distress-cities-counties.html,23,11,wallflower,2/25/2016 18:56
11388196,"Netdata  Linux performance monitoring, done right",https://github.com/firehol/netdata,477,87,cujanovic,3/30/2016 10:12
10704351,How Google is pushing you to vote for Bernie Sanders,https://www.washingtonpost.com/news/wonk/wp/2015/12/09/how-google-is-pushing-you-to-vote-for-bernie-sanders/,2,1,Libertatea,12/9/2015 15:56
10752045,Web Components article feedback,,1,2,antonio-R,12/17/2015 15:35
11230690,Rapture  An idiomatic and typesafe Scala utility library,http://rapture.io/,3,1,acjohnson55,3/5/2016 19:40
10802626,Ask HN: Copyright infringement alert from ISP,,4,6,yeukhon,12/28/2015 18:47
10398956,The Danger of E-Books,http://www.gnu.org/philosophy/the-danger-of-ebooks.html,147,249,tomkwok,10/16/2015 13:03
11909340,SpaceX: Eutelsat/ABS Mission Hosted Webcast,https://www.youtube.com/watch?v=gLNmtUEvI5A,56,32,pol0nium,6/15/2016 13:58
10409483,DICE  Discrete Integrated Circuit Emulator,https://sourceforge.net/projects/dice/,29,4,networked,10/18/2015 19:44
11456660,Show HN: Writedown Is Not Twitter,https://www.writedown.co,8,6,arisAlexis,4/8/2016 18:10
11913692,The 2nd amendment allows gun control. Scalia didn't,http://www.newyorker.com/news/news-desk/the-second-amendment-is-a-gun-control-amendment,5,8,dangjc,6/16/2016 3:21
12241487,How millions of trees brought a broken landscape back to life,https://www.theguardian.com/environment/2016/aug/07/national-forest-woodland-midlands-regeneration,45,23,mafro,8/7/2016 8:33
11569212,Why my friends moved to the Midwest in search of financial security,http://www.vox.com/2016/4/25/11503040/midwest-savings-atlantic,4,3,jseliger,4/26/2016 3:23
11328906,How to Adapt to Your Face Transplant,http://nautil.us/blog/face-transplant-recipients-identify-with-their-donors,1,1,dnetesn,3/21/2016 15:52
11437255,"Google reveals own security regime policy trusts no network, anywhere, ever",http://www.theregister.co.uk/2016/04/06/googles_beyondcorp_security_policy/,7,1,EwanToo,4/6/2016 7:37
12504795,Downtown Mountain View has changed a lot in the last few days since I visited,https://dl.dropboxusercontent.com/u/364883/Screenshots/mountain-view-has-changed.png,1,1,cpg,9/15/2016 10:35
11599909,Warn HN: stacks made executable on GNU by mere presence of assembly code,,149,25,kazinator,4/30/2016 1:39
10304596,Lyft Office to Leave Bay Area for Nashville,https://nextcity.org/daily/entry/lyft-moves-customer-service-hq-to-nashville,2,1,evtothedev,9/30/2015 15:19
11343334,"If you write JavaScript tools or libraries, bundle your code before publishing",https://medium.com/@Rich_Harris/how-to-not-break-the-internet-with-this-one-weird-trick-e3e2d57fee28,48,19,callumlocke,3/23/2016 10:54
12414545,Portland's prosperity bypasses many,http://www.oregonlive.com/business/index.ssf/2016/09/amid_portlands_prosperity_some.html,9,2,gohrt,9/2/2016 17:11
10213759,Exponential Economist Meets Finite Physicist,http://physics.ucsd.edu/do-the-math/2012/04/economist-meets-physicist/,49,52,govind201,9/14/2015 5:36
10470117,China to begin two-child policy,http://www.bbc.co.uk/news/world-asia-34665539,349,432,majc2,10/29/2015 10:47
12164969,Fetch Standard 101,https://annevankesteren.nl/2016/07/fetch-101,2,1,jacobr,7/26/2016 12:03
10981679,Google achieves AI 'breakthrough' by beating Go champion,http://www.bbc.co.uk/news/technology-35420579,1207,381,xianshou,1/27/2016 18:04
10968096,Deep Learning with Spark and TensorFlow,https://databricks.com/blog/2016/01/25/deep-learning-with-spark-and-tensorflow.html,228,30,mateiz,1/25/2016 16:36
12273766,Discovery of a New Retrograde Trans-Neptunian Object,http://arxiv.org/abs/1608.01808,2,1,8draco8,8/12/2016 6:53
11188537,Mercedes-Benz replaces robots with more capable humans,http://www.ibtimes.co.uk/mercedes-benz-replaces-robots-more-capable-humans-1546355,8,1,wx196,2/27/2016 21:14
10652624,Refactoring a 300-line if,http://groupserver.org/vanpy-2015/slides.html,61,55,6502nerdface,11/30/2015 23:24
10421250,Fixing the UX of hyperlinks,https://medium.com/@nashvail/fixing-the-ux-of-hyperlinks-7cb4e5a3fe17,38,37,jaxondu,10/20/2015 19:34
11366066,Site for generating bids and invoices- User:test000@bidvoice.co PW:Test_000,https://bidvoice.co/,1,1,kbishop-now,3/26/2016 15:51
10529824,"The 16-bit v/s 8-bit Blind Listening Test, Part 2",http://www.audiocheck.net/blindtests_16vs8bit_NeilYoung.php,65,75,nkurz,11/8/2015 20:46
11217968,"Ask HN: Don't understand vesting/ownership offer, how do I make money off it?",,7,9,giltleaf,3/3/2016 16:38
12010887,Codemoji  A fun tool to learn about ciphers,https://learning.mozilla.org/codemoji/,75,16,etherworks,6/30/2016 19:03
11271518,Fleet re-routing applications if a node fails,https://deis.com/blog/2016/fleet-coreos-pt-1,1,1,tiwarinitish86,3/12/2016 5:17
11065188,"Show HN: Abbreviated Press  A concise news source, organized by channels",http://abbr.press/,4,1,overcast,2/9/2016 13:48
11287655,The cloud wars of 2016,https://medium.com/simone-brunozzi/the-cloud-wars-of-2016-3f87e0a03d18#.m9bfa52wr,6,3,simonebrunozzi,3/15/2016 5:39
11437794,HCL: a color model that actually matches our perceptions (2011),http://vis4.net/blog/posts/avoid-equidistant-hsv-colors/,183,43,laughinghan,4/6/2016 10:10
11767468,Why Digital Assistants Are a Privacy Nightmare,http://www.theatlantic.com/technology/archive/2016/05/the-privacy-problem-with-digital-assistants/483950/?single_page=true,7,1,jonbaer,5/25/2016 3:24
12352629,SigOpt (YC W15) raises $6.6M A led by a16z for Bayesian optimization platform,http://blog.sigopt.com/post/149411062311/we-raised-66-million-to-amplify-your-research,1,1,Zephyr314,8/24/2016 15:16
11092018,Honu: Syntactic Extension for Algebraic Notation Through Enforestation (2012) [pdf],http://www.cs.utah.edu/plt/publications/gpce12-rf.pdf,3,1,vmorgulis,2/13/2016 1:48
10614837,Dell shipping laptop with rogue self-signed root CA,https://np.reddit.com/r/technology/comments/3twmfv/dell_ships_laptops_with_rogue_root_ca_exactly/,400,87,cstross,11/23/2015 14:47
10952949,"Ask HN: Stock for cloud space, would you do it?",,3,1,sharemywin,1/22/2016 14:44
11580217,Xamarin Open-Sourced,http://open.xamarin.com/,581,199,fekberg,4/27/2016 13:30
12309590,Bus1: a new Linux interprocess communication proposal,https://lwn.net/SubscriberLink/697191/d5803573a8c5b84c/,106,133,broodbucket,8/18/2016 0:22
11567965,Clinton campaign investing $1M into online trolls,http://correctrecord.org/barrier-breakers-2016-a-project-of-correct-the-record/,10,2,doener,4/25/2016 22:39
10517694,How we built instant autocomplete search using localStorage,https://mixmax.com/blog/autocomplete-search-performance,5,1,bradavogel,11/6/2015 3:31
10290566,Skinner-box rats trained to predict currency market movements,http://boingboing.net/2014/09/28/skinner-box-rats-trained-to-pr.html,3,1,plg,9/28/2015 14:19
11784275,Ask HN: Feedback on betting app idea,,1,1,DanPir,5/27/2016 6:27
12327904,"D.A. Henderson, disease detective who eradicated smallpox, dies at 87",https://www.washingtonpost.com/local/obituaries/da-henderson-disease-detective-who-eradicated-smallpox-dies-at-87/2016/08/20/b270406e-63dd-11e6-96c0-37533479f3f5_story.html,105,10,okket,8/20/2016 19:05
11639701,The best defense against hackers: protecting the crypto keys,http://www.globalbankingandfinance.com/the-best-defense-against-hackers-protecting-the-crypto-keys/,4,1,arnaudbud,5/5/2016 21:14
10860375,"Aptitude, apt-get, and apt Commands",https://debian-handbook.info/browse/stable/sect.apt-get.html,3,2,mkesper,1/7/2016 20:10
10283450,Radiation's Halloween Hack,http://radiation.fobby.net/halloween/,12,1,danso,9/26/2015 16:16
10448495,What Americas immigrants looked like when they arrived on Ellis Island,http://www.washingtonpost.com/news/wonkblog/wp/2015/10/24/what-americas-immigrants-looked-like-when-they-arrived-on-ellis-island/,5,2,goodJobWalrus,10/25/2015 21:25
11901539,Show HN: Quire  Snap your ideas and accomplish them with your team,https://quire.io/blog/p/Snap-your-ideas-Introducing-Quire-for-iOS.html,15,13,shuheng,6/14/2016 12:28
12264129,Mapping NYC Transit. All of It,https://medium.com/@anthonydenaro/mapping-nyc-transit-all-of-it-e16e76a95a0e,9,1,uptown,8/10/2016 19:12
11771206,"Rand Fishkin, Moz. What I'd Change What I'd Keep the Same What I Don't yet Know",https://moz.com/rand/what-id-change-keep-the-same-dont-yet-know/,1,1,marklittlewood,5/25/2016 16:54
10883557,Atomic CSS,http://acss.io/,3,3,bennettfeely,1/11/2016 21:07
12307436,Raybench  Crystal Programming Language,http://www.eccentricdevelopments.com/raybench-crystal-plc-pt-13/,1,1,binki89,8/17/2016 19:07
11814419,Why did ArchLinux embrace Systemd?,http://www.reddit.com/r/archlinux/comments/4lzxs3/why_did_archlinux_embrace_systemd/d3rhxlc,11,5,barsonme,6/1/2016 14:06
10408377,Google Analytics Opt-Out Browser Add-On,https://tools.google.com/dlpage/gaoptout?hl=en,58,85,dandelion_lover,10/18/2015 14:56
12163109,People can sense single photons,http://www.nature.com/news/people-can-sense-single-photons-1.20282,194,90,mathgenius,7/26/2016 3:12
11208469,Wintergatan  Marble Machine (music instrument using 2000 marbles),https://www.youtube.com/watch?v=IvUU8joBb1Q,17,3,curtis,3/2/2016 6:53
11256532,Why Amazon could be about to open 400 physical bookstores,http://venturebeat.com/2016/02/03/why-amazon-could-be-about-to-open-400-physical-bookstores/,1,1,BOBSINM,3/9/2016 23:58
11579148,Firefox 46 supports some -webkit prefixed CSS properties,https://developer.mozilla.org/en-US/Firefox/Releases/46,71,41,simon04,4/27/2016 10:22
12376023,Subliminal side-channel attack on the brain of brain-computer-interface users,https://arxiv.org/abs/1312.6052,4,1,p4bl0,8/28/2016 10:36
10422726,Rollup.js: A next-generation JavaScript module bundler,http://rollupjs.org,57,17,dmmalam,10/21/2015 0:02
12118525,I built a fusion reactor in my bedroom  AMA,https://www.reddit.com/r/IAmA/comments/4tgsaz/iama_i_built_a_fusion_reactor_in_my_bedroom_ama/,434,127,lsllc,7/18/2016 23:09
10877396,Antivirus software could make your company more vulnerable,http://www.csoonline.com/article/3020459/security/antivirus-software-could-make-your-company-more-vulnerable.html,102,43,r721,1/10/2016 21:57
12306283,"Cisco Systems to lay off about 14,000 employees: report",http://www.theglobeandmail.com/technology/cisco-systems-to-lay-off-about-14000-employees-report/article31440950/?cmpid=rss1&click=sf_globe,11,2,doener,8/17/2016 17:07
10866454,How Crowdfunding Has Changed Real Estate Investing,http://www.forbes.com/sites/navathwal/2015/12/02/how-crowdfunding-has-changed-real-estate-investing/,2,1,hsfried,1/8/2016 17:19
10347461,There is no such thing as a city that has run out of room,https://www.washingtonpost.com/news/wonkblog/wp/2015/10/06/there-is-no-such-thing-as-a-city-that-has-run-out-of-room/,74,99,luu,10/7/2015 17:29
12543264,"DevOps from Scratch, Part 1: Vagrant and Ansible",https://www.kevinlondon.com/2016/09/19/devops-from-scratch-pt-1.html,57,30,Kaedon,9/20/2016 20:48
12133549,Feds want 'Wolf of Wall Street' profits as part of $3.5B fraud allegation,http://money.cnn.com/2016/07/20/news/wolf-of-wall-street-malaysia-1mdb/index.html,8,2,sea6ear,7/21/2016 0:01
11701768,Luxembourg's leaders have proposed a far-reaching animal rights bill,https://news.vice.com/article/luxembourg-is-set-to-become-the-most-animal-friendly-country-in-the-world,56,75,sethbannon,5/15/2016 17:22
11097769,Should Larry Lessig Be Nominated to Replace Antonin Scalia?,https://www.youtube.com/watch?v=Kd8c6y9Cd4Q,5,1,dragonbonheur,2/14/2016 10:19
11814315,"Show HN: Bot Finder for Messenger, Slack, Skype, Kik, Telegram",https://botfinder.io/search,12,2,richardfriedman,6/1/2016 13:52
10458071,US ventures aimed at helping the unbanked are taking cues from developing world,http://www.theguardian.com/sustainable-business/2015/oct/23/unbanked-m-pesa-kenya-vodafone-vouch-oportun,21,22,hotgoldminer,10/27/2015 14:11
10885372,San Francisco's Fog Over Growth,http://www.bloombergview.com/articles/2016-01-11/san-francisco-can-t-stand-how-much-it-wants-to-grow,111,96,saeranv,1/12/2016 3:23
10570756,Emotion Detection in Games?,http://www.gamefromscratch.com/post/2015/11/15/Emotion-Detection-in-Games.aspx,17,5,ingve,11/15/2015 19:32
11969564,Go: Transaction Oriented Collector (TOC) Algorithm,https://docs.google.com/document/d/1gCsFxXamW8RRvOe5hECz98Ftk-tcRRJcDFANj2VwCB0/edit?usp=sharing,3,1,ingve,6/24/2016 13:21
11960077,"Ask HN: UK Entrepreneurs, how does a brexit/remain vote affect your start up?",,12,19,harel,6/23/2016 10:57
11330057,Show HN: Teecup,http://teecup.co/?hn,13,2,JavaScriptrr,3/21/2016 17:48
12065930,Generating Recommendations at Amazon Scale with Apache Spark and Amazon DSSTNE,http://blogs.aws.amazon.com/bigdata/post/TxGEL8IJ0CAXTK/Generating-Recommendations-at-Amazon-Scale-with-Apache-Spark-and-Amazon-DSSTNE,131,18,shanxS,7/10/2016 15:39
11486312,Ask HN: Why do Young programmers think they know more than Old programmers,,7,3,ianpurton,4/13/2016 7:06
12284445,Jazz in the 21st century: Playing outside the box,http://www.economist.com/news/books-and-arts/21702735-new-sound-summer-playing-outside-box,59,44,benbou09,8/14/2016 6:02
10330069,A Single Neuron May Cary Up to 1000 Genetic Mutations,http://neurosciencenews.com/single-neuron-genetic-mutations-2813/,64,23,ghosh,10/5/2015 5:10
10873902,Intent to implement WASM in v8,https://groups.google.com/forum/#!topic/v8-users/PInzACvS5I4,107,29,dangoor,1/10/2016 2:43
11593004,Ns: single-command static hosting,https://zeit.co/blog/serve-it-now/?,54,15,mindrun,4/29/2016 0:39
11770037,"Theo de Raadt  Privilege Separation and Pledge [video, ~15min]",https://www.youtube.com/watch?v=a_EYdzGyNWs,10,1,nickysielicki,5/25/2016 14:36
11040790,Error 53 fury mounts as Apple software update threatens to kill your iPhone 6,http://www.theguardian.com/money/2016/feb/05/error-53-apple-iphone-software-update-handset-worthless-third-party-repair,32,4,elfalfa,2/5/2016 11:29
11173038,Google Fiber Is Coming to San Francisco,http://www.theverge.com/2016/2/24/11104932/google-fiber-san-francisco-launch-announced,2,1,josso,2/25/2016 8:04
11667084,I'm a good engineer but I suck at building stuff,http://lionelbarrow.com/2016/05/08/i-suck-at-building-stuff/,238,123,lbarrow,5/10/2016 13:49
10531617,Industrialisation in Africa: More a marathon than a sprint,http://www.economist.com/news/middle-east-and-africa/21677633-there-long-road-ahead-africa-emulate-east-asia-more-marathon,52,10,ocjo,11/9/2015 6:12
12317360,When Refrigeration Was Controversial,http://daily.jstor.org/when-refrigeration-was-controversial/,54,61,samclemens,8/19/2016 1:05
10542611,The impact of Docker containers on the performance of genomic pipelines,https://peerj.com/articles/1273/,58,10,michaelhoffman,11/10/2015 21:24
11300566,NYCLU: Citys Public Wi-Fi Raises Privacy Concerns,http://www.nyclu.org/news/citys-public-wi-fi-raises-privacy-concerns,21,6,kafkaesq,3/16/2016 20:48
10279840,Ask HN: Creating and Licensing Product For/From Employer,,2,1,tawaycreation,9/25/2015 18:32
10783867,Quantum calculation on a quantum computer,http://arxiv.org/abs/1512.06860,1,1,apo,12/23/2015 15:58
11047004,iPhones 'disabled' if Apple detects third-party repairs,http://www.bbc.co.uk/news/technology-35502030,12,3,lentil_soup,2/6/2016 8:26
12566560,Using the Response Rate Limiting Feature in BIND 9.10,https://kb.isc.org/article/AA-00994/0/Using-the-Response-Rate-Limiting-Feature-in-BIND-9.10.html,12,1,x0rx0r,9/23/2016 17:50
10198512,The Real Cost of Filling Up: Gasoline Prices by Country,http://www.bloomberg.com/visual-data/gas-prices/,13,1,adventured,9/10/2015 15:10
12370218,The New York Times is looking for a climate change editor,http://www.nytimes.com/interactive/2016/jobs/nyt-climate-change-editor.html?_r=0,15,2,doener,8/27/2016 0:19
12526263,"Eve-Style Clock Demo in Red, Live-Coded",http://www.red-lang.org/2016/07/eve-style-clock-demo-in-red-livecoded.html,85,17,walterbell,9/18/2016 17:50
10648657,How to Store Light and Understand the Laser Principle,https://www.rp-photonics.com/spotlight_2015_11_28.html,32,1,m-app,11/30/2015 10:06
12470921,Ask HN: My game is growing fast. What should I do?,,26,25,m0dE,9/10/2016 21:18
11403037,Fake Ads as a Business Model,http://oleb.net/blog/2016/03/fake-ads-as-a-business-model/,4,1,ingve,4/1/2016 6:20
10371011,Show HN: PJON_ASK  Radio multimaster communications bus system for Arduino,https://github.com/gioblu/PJON_ASK,27,13,gioscarab,10/11/2015 21:02
11002616,Sources: Security Firm Norse Corp. Imploding,http://krebsonsecurity.com/2016/01/sources-security-firm-norse-corp-imploding/,79,17,dsr12,1/30/2016 17:04
11774351,Housing in the Bay Area,http://blog.samaltman.com/housing-in-the-bay-area,406,388,dwaxe,5/26/2016 0:43
11911071,Ask HN: Is the G2 Crowd business software review website a scam?,,7,7,elbigbad,6/15/2016 18:33
11479958,Semicolons matter,http://blog.rrowland.com/2016/04/11/semicolons-do-matter/,77,82,josep2,4/12/2016 14:41
10971870,Reddit users now say search more than Google,https://projects.fivethirtyeight.com/reddit-ngram/?keyword=google.search&start=20071015&end=20150831&smoothing=30,7,1,mwc,1/26/2016 4:50
11963987,Do you need that comment?,http://rile.yt/thoughts/do-you-need-that-comment/,3,1,rileyt,6/23/2016 20:18
11441930,Apply HN: Cadwolf  Intelligent Engineering,,15,10,theuttick,4/6/2016 20:43
11725672,"In Search for Cures, Scientists Create Multispecies Embryos",http://www.npr.org/sections/health-shots/2016/05/18/478212837/in-search-for-cures-scientists-create-embryos-that-are-both-animal-and-human,77,62,taylorbuley,5/18/2016 20:33
10804868,The Long Way Round: The Story of the California Clipper,http://lapsedhistorian.com/long-way-round-part-1/,57,4,ksherlock,12/29/2015 2:44
10689801,Beijing smog red alert issued,http://www.independent.co.uk/news/world/asia/beijing-smog-red-alert-issued-schools-and-businesses-to-completely-shut-down-as-chinese-capital-a6763286.html,64,54,kevindeasis,12/7/2015 14:53
11861178,EU Puts Forward Ambitious Open Access Target,http://www.united-academics.org/sex-society/eu-puts-forward-ambitious-open-access-target/,2,1,unitedacademics,6/8/2016 10:10
11267054,"Many abnormal sexual tastes are neither rare nor unusual, study finds",http://www.theglobeandmail.com/life/health-and-fitness/health/most-abnormal-sexual-tastes-are-neither-rare-or-unusual-says-study/article29141804/,55,27,ilamont,3/11/2016 15:18
10604763,ISIS Has a Twitter Strategy and It Is Terrifying,https://medium.com/fifth-tribe-stories/isis-has-a-twitter-strategy-and-it-is-terrifying-7cc059ccf51b#.xfd5ecrcx,4,3,mandazi,11/21/2015 0:12
11077514,Starting Fires on Purpose  When and How Leaders Need to Break the Rules,http://firstround.com/review/starting-fires-on-purpose-when-and-how-leaders-need-to-break-the-rules/?_hsenc=p2ANqtz-_vw5tIJUrtyl_0cIn1m3MX80hQrL4ZPLzh5S-NGfZNbirswHYI8OLge82DxVKkMZre5qt8jWH6ddYii1I6IcxpeB1uvA&_hsmi=26091387,8,1,prostoalex,2/11/2016 1:00
11922404,94-year-old former guard at the Auschwitz death camp sentenced,http://www.bbc.co.uk/news/world-europe-36560416,10,11,enitihas,6/17/2016 13:10
12244850,Destroy All Software relaunches,https://www.destroyallsoftware.com/screencasts,70,18,pg_bot,8/8/2016 1:18
12167445,Scala Days Recap and Why the Free Monad Isnt Free,http://engineering.sharethrough.com/blog/2016/07/26/scala-days-recap/,30,8,cheezsndwch,7/26/2016 17:49
10762387,"Show HN: Spurlo  discover, collect and curate inspiring products with a purpose",http://www.spurlo.com/explore/,2,1,tinjam,12/19/2015 2:41
10383043,19th Century Marriage Manuals: Advice for Young Husbands,http://mimimatthews.com/2015/09/28/19th-century-marriage-manuals-advice-for-young-husbands/,103,102,Avawelles,10/13/2015 19:56
11241796,Coding Challenge,,3,2,jgarb,3/7/2016 21:22
12351739,Sweet32: Birthday attacks on 64-bit block ciphers in TLS and OpenVPN,https://sweet32.info,140,41,pedro84,8/24/2016 13:14
12210972,The Exceptional Server  Another Erlang Battle-Story,https://medium.com/@elbrujohalcon/the-exceptional-server-abe9016ebe75#.gh267ihus,7,1,elbrujohalcon,8/2/2016 16:12
11692232,A super-nerdy attempt to predict who will win Eurovision,https://www.buzzfeed.com/tomphillips/eurovision-prediction,2,1,jsvine,5/13/2016 18:26
10612039,Inside an Amazon Fulfillment Center in Poland [video],http://wtkplay.pl/video-id-14147-zobacz_jak_w_srodku_wyglada_centrum_amazona_w_sadach,43,14,thedogeye,11/22/2015 23:48
10526544,Academic Journals: The Most Profitable Obsolete Technology in History,http://sasconfidential.com/2015/11/06/obsolete/,5,1,frostmatthew,11/7/2015 22:52
10546681,How to choose an in-memory NoSQL solution: Performance measuring,http://articles.rvncerr.org/how-to-chose-an-in-memory-nosql-solution-performance-measuring/,9,4,rvncerr,11/11/2015 14:04
10311484,How Photoshop Helps NASA Reveal the Unseeable,https://blogs.adobe.com/conversations/2015/09/how-photoshop-helps-nasa-reveal-the-unseeable.html,7,1,bsilvereagle,10/1/2015 14:47
12461624,V8 JavaScript Engine: V8 Release 5.4,http://v8project.blogspot.com/2016/09/v8-release-54.html,126,19,okket,9/9/2016 12:46
12019951,Kontena: Deploy and run your apps on the most developer friendly container,https://www.kontena.io/platform,5,1,based2,7/1/2016 21:51
11775304,Show HN: Migrate  Sane database/sql migrations for Go,https://github.com/remind101/migrate,7,2,ejholmes,5/26/2016 4:03
10870301,"Show HN: ProdPicks  Curated party product website, please give feedback",http://www.prodpicks.com,2,1,prodpicks,1/9/2016 6:11
12405903,Soylent Blog  Update on Coffiest and Powder,http://blog.soylent.com/post/149763512312/update-on-coffiest-and-powder,1,1,joeyespo,9/1/2016 15:16
12229185,Apple announces bug bounty program,https://techcrunch.com/2016/08/04/apple-announces-long-awaited-bug-bounty-program/,344,93,nos4A2,8/4/2016 23:36
12145843,New Snowden revelation shows Skype may be privacy's biggest enemy (2013),http://www.computerworld.com/article/2474090/data-privacy/new-snowden-revelation-shows-skype-may-be-privacy-s-biggest-enemy.html,13,2,doctorshady,7/22/2016 18:56
11159840,Spotify moves its back end to Google Cloud,https://news.spotify.com/us/2016/02/23/announcing-spotify-infrastructures-googley-future/,715,359,dmichel,2/23/2016 16:10
12353497,Professionals are taking microdoses of LSD before work,http://www.wired.co.uk/article/lsd-microdosing-drugs-silicon-valley,14,6,JasonKriss,8/24/2016 17:07
11180067,Apple vs FBI legal filing,http://bgr.com/2016/02/25/apple-vs-fbi-legal-filing/,1,1,TheBiv,2/26/2016 6:14
11770838,"Scientists find cure for type 2 diabetes in rodents, dont know how it works",http://arstechnica.com/science/2016/05/scientists-find-cure-for-type-2-diabetes-in-rodents-dont-know-how-it-works/,31,8,shawndumas,5/25/2016 16:10
11077222,Binvis.io  Visual Analysis of Binary Files,http://binvis.io/,78,9,nikolay,2/11/2016 0:01
10383132,There's No DRM in JPEG  Let's Keep It That Way,https://www.eff.org/deeplinks/2015/10/theres-no-drm-jpeg-lets-keep-it-way,224,120,DiabloD3,10/13/2015 20:13
11078862,Novelty Search Creates Robots with General Skills for Exploration [video],https://www.youtube.com/watch?v=P-EqOBqjTyU,18,1,henning,2/11/2016 8:01
11373719,"Lwan, a high-performance web server with Lua support",https://lwan.ws/,99,55,mattbostock,3/28/2016 11:55
10797778,The exhaust emissions scandal: a deep breath into pollution trickery [video],https://media.ccc.de/v/32c3-7331-the_exhaust_emissions_scandal_dieselgate#video,12,2,danielsiders,12/27/2015 16:03
11602345,Tools to detect if your ISP is hijacking your DNS traffic,https://dnsdiag.org/,5,1,farrokhi,4/30/2016 16:31
11747173,The world will only get weirder,http://stevecoast.com/2015/03/27/the-world-will-only-get-weirder/,3,1,DavidChouinard,5/22/2016 2:40
10448835,Things to Avoid When Writing CSS,https://medium.com/@Heydon/things-to-avoid-when-writing-css-1a222c43c28f#.sgvlf0u3s,3,3,smpetrey,10/25/2015 23:04
11008999,"John Dee painting originally had circle of human skulls, x-ray imaging reveals",http://www.theguardian.com/artanddesign/2016/jan/17/john-dee-painting-circle-of-human-skulls-exhibition,32,11,Hooke,2/1/2016 1:09
12355977,Mozilla wants you to help decide its new logo,https://www.wired.com/2016/08/mozilla-wants-help-redesign-logo-seriously/,2,1,tomding,8/24/2016 23:22
12274203,Kansas couple sues IP mapping firm for turning their life into a digital hell,http://arstechnica.com/tech-policy/2016/08/kansas-couple-sues-ip-mapping-firm-for-turning-their-life-into-a-digital-hell/,123,123,antr,8/12/2016 9:03
10669247,"Q-Carbon, a substance harder than diamond",http://www.nytimes.com/2015/12/03/science/q-carbon-harder-than-diamond.html,41,18,rglovejoy,12/3/2015 12:41
10230113,Live Analysis of CNN Republican Debate Social Data,http://debate.infegy.com/,5,1,jgraveskc,9/16/2015 21:43
10389460,Floobits for Atom  collaborative editing,https://floobits.com/,38,4,kansface,10/14/2015 20:57
10547511,Tech Is Eating Media  Now What?,https://medium.com/@jwherrman/tech-is-eating-media-now-what-807047ad4ede,19,19,look_lookatme,11/11/2015 16:42
12447787,Ask HN: How to buy Vested stock when leaving start up?,,9,7,davidcoronado,9/7/2016 21:16
11300656,GraphQL Deep Dive: The Cost of Flexibility,https://edgecoders.com/graphql-deep-dive-the-cost-of-flexibility-ee50f131a83d#.nr0kzgfk7,59,9,samerbuna,3/16/2016 21:04
10935050,Homoiconicity,https://en.wikipedia.org/wiki/Homoiconicity,20,5,shawndumas,1/19/2016 23:55
12464229,How LaunchDarkly Serves Over 4B Feature Flags Daily,http://stackshare.io/launchdarkly/how-launchdarkly-serves-over-4-billion-feature-flags-daily,71,16,aechsten,9/9/2016 17:19
11338109,Designing simpler React components,https://medium.com/@esp/designing-simpler-react-components-13a0061afd16,4,1,pspeter3,3/22/2016 17:17
12067723,Child-Computer Interaction (2015),http://homepage.divms.uiowa.edu/~hourcade/book/index.php,107,5,GuiA,7/10/2016 23:12
11443475,A webpack boilerplate for a production-ready marketing website,https://github.com/geniuscarrier/webpack-boilerplate,60,29,geniuscarrier,4/7/2016 0:07
11588540,Proposed JavaScript Standard Style,https://github.com/feross/standard,29,110,xatxat,4/28/2016 13:17
11837501,Cloud.gov,https://cloud.gov/,434,112,gmays,6/4/2016 18:57
11583183,Postgraphql: A GraphQL schema created by reflection over a PostgreSQL schema,https://github.com/calebmer/postgraphql,217,24,craigkerstiens,4/27/2016 18:29
10616622,Resource Revocation in Apache Mesos (2012) [pdf],http://www.cs.berkeley.edu/~kubitron/courses/cs262a-F12/projects/reports/project9_report_ver4.pdf,14,1,ch,11/23/2015 19:23
12383416,Amazon's plan to fight counterfeiters will cost legit sellers a ton,http://www.cnbc.com/2016/08/29/amazons-plan-to-fight-counterfeiters-will-cost-legit-sellers-a-ton.html,1,1,pavornyoh,8/29/2016 17:19
10203256,Blog for topics relevant to someone new to free software development,http://yakking.branchable.com/,4,2,liw,9/11/2015 12:31
11158605,Show HN: UX Guide  Design Better User Experiences (Learn UX Design),https://stayintech.com/info/uxguide,4,1,lillukka,2/23/2016 13:15
12041596,Product Requirement Documents Must Die,http://www.mindtheproduct.com/2016/03/product-requirement-documents-must-die/,13,5,cpeterso,7/6/2016 6:56
11976114,NorwayEuropean Union relations,https://en.wikipedia.org/wiki/Norway%E2%80%93European_Union_relations,50,66,em3rgent0rdr,6/25/2016 12:31
12007877,The warp drive will have to wait,https://translate.google.com/translate?hl=en&ie=UTF8&prev=_t&sl=de&tl=en&u=http://www.golem.de/news/em-drive-der-warp-antrieb-muss-noch-warten-1606-121641.html,117,85,dmichulke,6/30/2016 11:55
10583849,Show HN: Real-time news ratings app (Android),https://play.google.com/store/apps/details?id=app.top.st,5,1,vadimbaryshev,11/17/2015 20:49
11336061,Richard Feynman: Actively Irresponsible,https://lizcormack.wordpress.com/2012/04/23/richard-feynman-actively-irresponsible/,5,2,tacon,3/22/2016 12:43
10743315,Ask HN: What is a way of making residual income with $5K a month?,,105,71,hanyoon,12/16/2015 10:01
10625985,Would you trade Star Wars cards on the blockchain?,https://www.ascribe.io/app/editions/1H9GHJKsnyZEALAbVqWTmDhHeNPyPPqScw,1,1,tomerzei,11/25/2015 7:58
10346280,Accelerated Mobile Pages  A new approach to web performance,https://github.com/ampproject/amphtml,6,1,jaip,10/7/2015 14:41
11301165,Can Dogs Detect Seizures? [2007?],http://www.epilepsy.com/information/professionals/hallway-conversations/can-dogs-detect-seizures,1,1,YeGoblynQueenne,3/16/2016 22:28
10959949,Donald Rumsfeld has released a solitaire app for iOS,http://foreignpolicy.com/2016/01/22/don-rumsfeld-has-built-an-app-to-play-cards-like-churchill/,7,1,leroy_masochist,1/23/2016 20:32
10184922,Go Concurrency Patterns: Pipelines and Cancellation (2014),http://blog.golang.org/pipelines,80,3,Spiritus,9/8/2015 10:42
12507099,Tesla Sues Oil Industry Exec It Says Pretended to Be Elon Musk to Gain Secrets,http://www.forbes.com/sites/alanohnsman/2016/09/14/tesla-sues-oil-industry-exec-it-says-pretended-to-be-elon-musk-to-gain-secrets/#10061f1bdd37,5,3,artursapek,9/15/2016 15:45
10826014,Mobile or web?,,3,4,elalchemist,1/2/2016 12:37
11893637,"The problem isn't Islam, it's religion",https://medium.com/p/the-problem-isnt-islam-it-s-religion-6f2cf750f98c,6,2,thebakedgood,6/13/2016 13:27
12073594,Ask HN: How to fake laptop connection via USB,,2,3,pizu,7/11/2016 19:22
11116381,"In Munich, a fightening preview of the rise of killer robots",https://www.washingtonpost.com/opinions/in-munich-a-frightening-preview-of-the-rise-of-killer-robots/2016/02/16/d6282a50-d4d4-11e5-9823-02b905009f99_story.html?hpid=hp_no-name_opinion-card-c%3Ahomepage%2Fstory,1,1,citizensixteen,2/17/2016 9:03
11947074,Ask HN: Is it practical to start a 1-person Micro ISV these days?,,13,17,augb,6/21/2016 16:44
12286263,Microsoft Leaks UEFI Secure Boot backdoor Keys. Whoops,http://arstechnica.com/security/2016/08/microsoft-secure-boot-firmware-snafu-leaks-golden-key/,4,1,gamitop,8/14/2016 16:45
10886243,Cocaine addiction: Scientists discover back door into the brain,http://www.cam.ac.uk/research/news/cocaine-addiction-scientists-discover-back-door-into-the-brain,68,18,Libertatea,1/12/2016 8:40
10963916,Also Out at Twitter: Engineering Head Roetter (and More to Come),http://recode.net/2016/01/24/also-out-at-twitter-engineering-head-roetter-and-more/,144,61,argonaut,1/24/2016 20:36
11877856,Slack Connectivity Issues,https://status.slack.com/,69,51,gk1,6/10/2016 17:08
12478453,Chrome is intervening against document.write(),https://developers.google.com/web/updates/2016/08/removing-document-write,3,3,fagnerbrack,9/12/2016 10:20
10387660,Maily Herald  Rails open source self-hosted Mailchimp alternative,http://mailyherald.org/,4,2,tortilla,10/14/2015 16:42
11312315,Ask HN: A bite-sized problem in your company that I could turn into a tiny SaaS?,,23,2,borplk,3/18/2016 15:16
10842090,"Show HN: Mohsen the Doorman  Half Slack, Half RaspberryPi",https://medium.com/optima-blog/the-doorman-eea38815cc4f#.hsqe51sdc,15,4,mohamedbassem,1/5/2016 8:35
10296234,Computing Distance from a Reference Point with Script Fields and the Explain API,https://qbox.io/blog/computing-distance-from-a-reference-point-with-script-fields-and-the-explain-api,3,1,vanderzyden,9/29/2015 13:47
11580721,We are ruthless on code reviews,https://techblog.workiva.com/tech-blog/we-are-ruthless-code-reviews,51,69,grey,4/27/2016 14:30
11893034,Google AI project writes poetry which could make a Vogon proud,https://www.theguardian.com/technology/2016/may/17/googles-ai-write-poetry-stark-dramatic-vogons,3,1,CarolineW,6/13/2016 11:56
11104554,OpenIO: object storage and grid for apps,http://openio.io/,53,23,lormayna,2/15/2016 17:24
10360357,Overcast 2.0,http://www.marco.org/2015/10/09/overcast2,9,2,anmilo,10/9/2015 14:49
10604788,"Multiple Personalities, Blindness and the Brain",http://blogs.discovermagazine.com/neuroskeptic/2015/11/20/multiple-personalities-blindness-and-the-brain/,13,1,DiabloD3,11/21/2015 0:18
11792807,What Does It Mean to Be Poor in Germany?,http://www.spiegel.de/international/tomorrow/a-1093371.html,385,326,nkurz,5/28/2016 18:46
11721739,The Empty Brain,https://aeon.co/essays/your-brain-does-not-process-information-and-it-is-not-a-computer,5,2,dwighttk,5/18/2016 13:30
10572196,Japanese Government Workers Wary of My Number Cards as ID,http://the-japan-news.com/news/article/0002532635,52,33,jamesknelson,11/16/2015 1:57
11371473,Wikipedia founder calls alt-medicine practitioners lunatic charlatans,http://arstechnica.com/science/2014/03/wikipedia-founder-calls-alt-medicine-practitioners-lunatic-charlatans/,3,2,ingve,3/27/2016 20:42
11800789,Visualize the orbits of exoplanets,https://nbremer.github.io/exoplanets/,88,10,gkst,5/30/2016 11:34
10915609,GPUs prefer premultiplication,http://www.realtimerendering.com/blog/gpus-prefer-premultiplication/,132,25,dahart,1/16/2016 16:04
10999335,"Systemd mounted efivarfs read-write, allowing motherboard bricking via 'rm'",https://github.com/systemd/systemd/issues/2402,180,173,dogecoinbase,1/29/2016 23:20
10969331,JIT Assembler Library for Multiple ISAs,https://github.com/hlide/jitasm,43,8,vmorgulis,1/25/2016 19:32
10760398,"Low Pay, Long Commutes: The Plight of the Adjunct Professor",http://www.npr.org/sections/ed/2015/12/17/459707022/low-pay-long-commutes-the-plight-of-the-adjunct-professor,57,51,benbreen,12/18/2015 19:27
11243691,"U.S. programmer outsources own job to China, surfs cat videos",http://www.cnn.com/2013/01/17/business/us-outsource-job-china/,7,1,mikecarlton,3/8/2016 5:24
10247416,The Bitcoin Community Disagrees on What Happens Next,http://www.bloomberg.com/news/articles/2015-09-18/the-bitcoin-community-disagrees-on-what-happens-next,30,68,adventured,9/20/2015 13:25
10968716,"If your web site offers live chat, be prepared for hackers",http://venturebeat.com/2016/01/23/if-your-web-site-offers-live-chat-be-prepared-for-hackers/,4,1,gwintrob,1/25/2016 18:03
10655757,Ask HN: Starting Over,,5,5,marktangotango,12/1/2015 15:01
11728937,Skin in the Game  chapter drafts by Nassim Taleb,http://fooledbyrandomness.com/SITG.html,177,124,xvirk,5/19/2016 9:12
11746666,"407,000 Workers Stunned as Pension Fund Proposes 60% Cuts",http://money.cnn.com/2016/05/20/retirement/central-states-pension-fund/index.html?iid=hp-stack-dom,25,22,randomname2,5/21/2016 23:24
12451581,Solipsism Online  Is this the real life? Is this just fantasy?,http://solipsism.online/,3,1,Fulck,9/8/2016 9:52
10849320,Native Code Considered Harmful,http://developer.telerik.com/featured/native-code-is-bad-for-you/,4,1,wanda,1/6/2016 8:38
10800717,Ask HN: Product Pricing,,2,2,vital101,12/28/2015 11:42
10946445,The Day the Mesozoic Died: How the story of the dinosaurs demise was uncovered,http://nautil.us/issue/32/space/the-day-the-mesozoic-died,44,3,dnetesn,1/21/2016 16:51
11906368,PGP and Nylas,https://www.nylas.com/blog/pgp/,32,5,bhaile,6/15/2016 0:05
11502269,Encrypt/decrypt text or files online. Best tool I have found  JIXXIT.com,http://jixxit.com,3,4,ericdolson,4/15/2016 4:56
10972700,Is serotonin the happy brain chemical?,http://theneurosphere.com/2015/11/14/is-serotonin-the-happy-brain-chemical-and-do-depressed-people-just-have-too-little-of-it/,72,72,jimsojim,1/26/2016 10:21
11686064,TensorFlow  A curated list of dedicated resources,https://github.com/jtoy/awesome-tensorflow/,160,4,lahdo,5/12/2016 19:27
10947268,AsteroidOS: A Free and Open-Source Smartwatch Platform,http://asteroidos.org/,5,1,ksashikumar,1/21/2016 18:39
10410498,Ask HN: Low marks vs. Side projects?,,2,3,meturtle,10/19/2015 0:48
12527922,Ask HN: Where do you go to get recruiters to find you a job?,,89,61,nicholas73,9/19/2016 0:16
11072316,Cluster Computing with Ansible and the Raspberry Pi,https://opensource.com/life/16/2/cluster-computing-with-ansible-and-raspberry-pi,3,1,geerlingguy,2/10/2016 12:40
11591535,UC Davis Chancellor Removed After School Paid to Scrub Negative Search Results,http://talkingpointsmemo.com/news/us-davis-chancellor-removed-negative-search-results,28,2,molecule,4/28/2016 20:03
12494791,There's only one business worth starting,https://medium.com/hi-my-name-is-jon/theres-only-one-business-worth-starting-845b8985838a#.cnu8f65az,3,1,hccampos,9/14/2016 7:25
11149347,When a State Balks at a Citys Minimum Wage,http://www.nytimes.com/2016/02/22/us/alabama-moves-to-halt-pay-law-in-birmingham.html,3,1,samfb,2/22/2016 8:17
11218994,Ask HN: Thoughts on McKinsey Job?,,3,2,mcthrowaway,3/3/2016 18:51
10579866,Night owls and early birds have different personality traits (2014),http://www.cbsnews.com/news/night-owls-and-early-birds-have-different-personality-traits/,33,24,fezz,11/17/2015 8:37
10695500,KeePassX 2.0 final release is here,https://www.keepassx.org/news/2015/12/533,7,2,oye,12/8/2015 9:22
10512959,Ask HN: Did your Show HN go on to become very successful?,,14,17,jjoe,11/5/2015 12:44
12136755,Edward Snowden's New Research Aims to Keep Smartphones from Betraying Owners,https://theintercept.com/2016/07/21/edward-snowdens-new-research-aims-to-keep-smartphones-from-betraying-their-owners/,296,113,secfirstmd,7/21/2016 13:45
10411282,Ask HN: Is there some database/shop for recipes and pictures of the results?,,1,2,wingerlang,10/19/2015 5:27
10876409,Amazon has no idea how to run an app store,http://www.smashcompany.com/business/amazon-has-no-idea-how-to-run-an-app-store,267,169,lkrubner,1/10/2016 18:27
12114280,"Your wife is Indian, landlord wont rent to you",https://www.99.co/blog/singapore/99co-stop-rental-racial-discrimination/,31,23,yla92,7/18/2016 10:50
11342214,A Subtle Power Struggle for Control of Music Metadata,http://motherboard.vice.com/read/there-is-a-subtle-power-struggle-for-control-of-music-metadata,16,4,acdanger,3/23/2016 4:45
10882762,The Sad State of Web Development,https://medium.com/@wob/the-sad-state-of-web-development-1603a861d29f,63,10,chrisdotcode,1/11/2016 19:40
11897283,"AMD announces two more Polaris video cards: RX 470, RX 460",http://arstechnica.com/gaming/2016/06/amd-announces-two-more-polaris-video-cards-rx-470-rx-460/,3,1,jseliger,6/13/2016 20:26
11866038,Your DNS Provider Should Not Be Your Registrar (2014),http://www.petekeen.net/your-dns-provider-should-not-be-your-registrar,17,10,hernantz,6/8/2016 21:58
10326396,The Delinquent Borrowers Leading a Student Loans Revolt,http://www.bloomberg.com/news/articles/2015-10-01/the-delinquent-borrowers-leading-a-student-loans-revolt,38,62,petethomas,10/4/2015 4:00
12051506,Zero-day flaw lets hackers tamper with your car through BMW portal,http://www.zdnet.com/article/hackers-can-tamper-with-car-registration-through-bmw-connected-car-portal/,10,1,driverdan,7/7/2016 19:15
12108370,"How I Could Steal Money from Instagram, Google and Microsoft",https://www.arneswinnen.net/2016/07/how-i-could-steal-money-from-instagram-google-and-microsoft/,384,65,adamnemecek,7/17/2016 0:03
10711831,A Middle Ground Between Contract Worker and Employee,http://www.nytimes.com/2015/12/11/business/a-middle-ground-between-contract-worker-and-employee.html,4,1,petethomas,12/10/2015 17:20
10261325,The cell menagerie: human immune profiling,http://www.nature.com/nature/journal/v525/n7569/full/525409a.html,2,1,cryoshon,9/22/2015 20:08
10520032,Why the founder of Rails automatically rejects 80% of Software Engr. applicants,https://medium.com/@christophelimpalair/why-the-founder-of-rails-automatically-rejects-80-of-software-engineer-applicants-4e2a4d255f58,9,1,tarique313,11/6/2015 15:48
10444741,Zuckerbergs' New Primary School: Private but Free,http://www.csmonitor.com/USA/Education/2015/1024/Inside-Mark-Zuckerberg-s-new-school-Private-but-free,74,76,ohmyiv,10/24/2015 20:29
10992449,A lightweight C++ signals and slots implementation,https://github.com/pbhogan/Signals,93,38,hellofunk,1/28/2016 23:43
10417293,Lecture Me. Really,http://www.nytimes.com/2015/10/18/opinion/sunday/lecture-me-really.html,6,1,abalashov,10/20/2015 3:41
11146156,Ask HN: Does Dart programming language need mvvm frameworks?,,3,3,basicscholar,2/21/2016 19:54
12116344,Ask HN: Is there a relation between Software and Art?,,1,2,tamersalama,7/18/2016 16:59
10700460,Was ?Apple the first major open-source company? Not even close,http://www.zdnet.com/article/apple-was-the-first-major-open-source-company/,4,1,CrankyBear,12/8/2015 23:03
10668882,Labella.js  placing labels on a timeline without overlap,http://twitter.github.io/labella.js/,375,77,callumlocke,12/3/2015 10:35
11836891,10x or not: Youve got to do things right,https://devup.co/10x-or-not-youve-got-to-do-things-right-8e45311ecbcb#.enn4v8i3v,48,51,tiwarinitish86,6/4/2016 16:32
10271708,Why I broke up with Tornado,http://methinking.tumblr.com/post/128603750685/lessons-in-tornado-and-mysql,2,1,maheshgattani,9/24/2015 14:17
10539527,Feedback Please: Hacking the developer consciousness [video],,4,3,davemen,11/10/2015 14:41
12379186,Ask HN: Real time one way replication on Linux?,,1,1,Manozco,8/29/2016 0:07
11162987,Why I left SF for LA,https://medium.com/@mrcs/why-i-left-sf-for-la-c629e72dff33#.cn1dhlmf0,6,3,jgh,2/23/2016 22:47
10391660,Torturing Databases for Fun and Profit (2014) [video],https://www.usenix.org/conference/osdi14/technical-sessions/presentation/zheng_mai,9,1,signa11,10/15/2015 6:27
11241183,How Mechanical Computers Worked,http://www.popularmechanics.com/technology/a19668/1953-video-how-mechanical-computers-work/,21,1,Kinnard,3/7/2016 20:00
10262719,ScyllaDB: Drop-in replacement for Cassandra that claims to be 10x faster,http://www.scylladb.com/,114,93,haint,9/23/2015 0:52
11658273,GCHQ say workers may be safer from hackers if they keep the same login,http://www.dailymail.co.uk/news/article-3578865/Now-experts-say-don-t-change-password-Security-services-say-workers-safer-hackers-login.html,4,2,rayascott,5/9/2016 8:22
10886516,Show HN: Cindr,http://cindr.com,1,1,mikeem,1/12/2016 10:19
12036794,The Other Side Is Not Dumb,https://medium.com/@SeanBlanda/the-other-side-is-not-dumb-2670c1294063#.u41byj5mt,4,2,trevin,7/5/2016 14:49
10651155,Lists,http://avc.com/2015/11/lists-2/,208,99,zbravo,11/30/2015 19:23
10474416,What are the most stressful places in Boston? Were about to find out,http://www.betaboston.com/news/2015/10/29/citywide-study-will-map-the-effect-of-stress-on-the-brain/?p1=Main_Headline,5,2,robg,10/29/2015 21:24
11207935,OpenBazaar Released on the Testnet,https://blog.openbazaar.org/openbazaar-released-on-the-testnet/,18,8,mathieutd,3/2/2016 3:32
10955186,"Show HN: Wallabag, a self-hostable application for saving web pages",https://www.wallabag.org/,135,43,tcit,1/22/2016 20:00
11889216,Bitcoin crosses $10B market cap again,http://coinmarketcap.com/,126,57,ivank,6/12/2016 17:36
10983072,Sanctum Sanctorum for Writers,http://www.nytimes.com/1995/05/19/books/sanctum-sanctorum-for-writers.html,1,1,hammerzeit,1/27/2016 20:37
11098304,"Akka, Haskell, Erlang, Go and .NET Core compared on 1M threads",https://github.com/atemerev/skynet,170,158,atemerev,2/14/2016 14:11
10179496,Teachers to Become Wealthy,,1,1,Tackettpro,9/6/2015 23:29
10221109,"Show HN: Yupp, yet another C preprocessor",https://github.com/in4lio/yupp,26,9,in4lio,9/15/2015 15:15
11477068,Ask HN: What would you ask target audience to build a recruiting website?,,3,5,henryzhang0304,4/12/2016 3:38
11681454,"Michael Ratner, RIP (Rest in Power)",https://www.eff.org/deeplinks/2016/05/memory-michael-ratner,2,1,DiabloD3,5/12/2016 5:12
11754721,Please help me to not go broke,http://devblog.avdi.org/2016/05/23/please-help-me-to-not-go-broke/,6,1,doppp,5/23/2016 16:04
11586523,The real reasons you procrastinate  and how to stop,https://www.washingtonpost.com/news/wonk/wp/2016/04/27/why-you-cant-help-read-this-article-about-procrastination-instead-of-doing-your-job/,4,6,saeranv,4/28/2016 4:12
12128758,Radical Political Decentralization Could End Nation States,https://news.bitcoin.com/radical-decentralization-end-nation/,1,1,posternut,7/20/2016 13:15
11142125,Ask HN: Is there a benefit is working as fast as you can?,,2,1,TacoWednesdays,2/20/2016 21:53
10652958,Show HN: Design by Contract for JavaScript,https://github.com/codemix/babel-plugin-contracts,9,1,phpnode,12/1/2015 0:42
12094020,Surprise: Nintendos next console is the NES,http://arstechnica.com/gaming/2016/07/surprise-nintendos-next-console-is-the-nes/,8,2,shawndumas,7/14/2016 14:22
12234631,Trying out Keybase,https://anarc.at/blog/2016-03-10-keybase/,3,1,infodroid,8/5/2016 18:19
11522857,Psychological safety in the InfoSec industry,https://jacobian.org/writing/psychological-safety-in-infosec/,4,1,edward,4/18/2016 20:17
11893751,CloudMounter: Ultimate cloud manager. Available for preorder with 75% OFF,http://mac.eltima.com/mount-cloud-drive.html,3,3,Dasha_Eltima,6/13/2016 13:40
10601219,China Has a $1.2 Trillion Ponzi Finance Problem,http://www.bloomberg.com/news/articles/2015-11-19/china-has-a-1-2-trillion-ponzi-finance-problem-as-debt-piles-up,98,48,lelf,11/20/2015 14:16
11746484,Google tracks 80 percent of all Top 1M domains,http://news.softpedia.com/news/if-you-clicked-anything-online-google-probably-knows-about-it-504262.shtml,2,1,d0mdo0ss,5/21/2016 22:32
10893032,Show HN: Netflix for Webinars,http://www.prohuddle.com/,4,1,yalimgerger,1/13/2016 8:33
12574544,Windows 10 has an undocumented certificate pinning feature,https://hexatomium.github.io/2016/09/24/hidden-w10-pins/,119,32,XzetaU8,9/25/2016 9:16
11318221,"Dear young person, your writing is killing you and you don't know it yet",http://cyberomin.github.io/life/2016/03/19/dear-young-person.html,3,3,cyberomin,3/19/2016 12:08
10597915,Inside a Hacked SEO Backlink Network,http://www.elite-strategies.com/inside-a-hacked-seo-backlink-network/,67,17,jitbit,11/19/2015 21:41
11869317,"We won the battle for Linux, but we're losing the battle for freedom",http://www.linuxjournal.com/content/whats-our-next-fight,405,244,alxsanchez,6/9/2016 13:46
10648831,The C standard formalized in Coq,http://robbertkrebbers.nl/thesis.html,231,109,janvdberg,11/30/2015 11:14
10915042,Outlier Detection in SQL,https://www.periscopedata.com/blog/outlier-detection-in-sql.html,75,34,vive-la-liberte,1/16/2016 11:42
10216851,Ten reasons not to use a statically typed functional programming language,http://fsharpforfunandprofit.com/posts/ten-reasons-not-to-use-a-functional-programming-language/,12,4,sea6ear,9/14/2015 19:09
11346165,I switched to Android after 7 years of iOS,https://joreteg.com/blog/why-i-switched-to-android,841,502,joeyespo,3/23/2016 16:54
11190841,Judging the Stupidity of GitHub Projects by Stars and Forks,http://ericgreer.info/github/funny/stupidity/2016/02/28/judging-the-stupidity-of-github-projects.html,6,3,temp,2/28/2016 13:17
10898986,Yoda Is Dead but Star Wars Dubious Lessons Live On,http://nautil.us/blog/yoda-is-dead-but-star-wars-dubious-lessons-live-on,5,1,dnetesn,1/14/2016 1:20
12257593,"Back to school bill: pencil case, pens, rubber  and a Â£785 iPad",https://www.theguardian.com/education/2016/aug/09/back-to-school-bill-ipad-technology-parents,2,1,edward,8/9/2016 20:45
11398278,React Native for Visual Studio Code,https://github.com/Microsoft/vscode-react-native,123,26,miguelrochefort,3/31/2016 16:17
11354837,"Show HN: Browse Slack message history beyond 10K limit, on Free plan",https://slarck.com,4,2,vsiden,3/24/2016 17:50
10994964,Getting Started with the Arduino Yun (2015),https://www.twilio.com/blog/2015/02/arduino-wifi-getting-started-arduino-yun.html,4,1,gregorymichael,1/29/2016 13:08
11565114,How to Migrate from Mandrill to SendGrid,https://sendgrid.com/blog/how-to-migrate-from-mandrill-to-sendgrid/,1,1,jontro,4/25/2016 16:01
10295809,PayPal Support Home Page,https://www.paypal-techsupport.com/,2,3,andygambles,9/29/2015 12:43
11388560,The Trouble with Tor,https://blog.cloudflare.com/the-trouble-with-tor/,323,172,jgrahamc,3/30/2016 11:51
12067851,What learning algorithms can predict that our physics theories might not,http://firstestprinciple.com/2016/07/10/learning.html,87,31,ad510,7/10/2016 23:47
12185916,Go Packaging Proposal Process,https://docs.google.com/document/d/18tNd8r5DV0yluCR7tPvkMTsWD_lYcRO7NhpNSDymRr8,171,93,zalmoxes,7/29/2016 10:37
10345620,Refactoring to a Happier Development Team,http://blog.fogcreek.com/refactoring-to-a-happier-development-team-interview-with-coraline-ada-ehmke/,66,19,GarethX,10/7/2015 12:45
10439482,Episode 31Steli EftiClosing Software Sales and Your Mental GameChasing Product,http://www.chasingproduct.com/episodes/episode-31-closing-software-sales-and-your-mental-game-wsteli-efti,5,1,JoshDoody,10/23/2015 16:08
10373180,IA or AI?,https://vanemden.wordpress.com/2015/10/09/ia-or-ai-2/,103,35,rudenoise,10/12/2015 8:17
11911474,Ask HN: Migrating from Mac to Windows for development,,13,13,kuon,6/15/2016 19:27
11534358,"Ford paid $199,950 to tear down a Tesla Model X",http://www.bloomberg.com/news/articles/2016-04-20/ford-pays-199-950-before-taxes-for-tesla-s-64th-model-x-suv,49,68,jasonwen,4/20/2016 13:53
11225765,Best way to drive traffic to my website?,,1,1,ukideane,3/4/2016 18:27
10314824,Pushing the Limits of Kernel Networking,http://rhelblog.redhat.com/2015/09/29/pushing-the-limits-of-kernel-networking/,50,10,jsnell,10/1/2015 21:20
10806982,I did the math: here are the 50 best HackerNews posts of all time,https://medium.com/swlh/best-of-2015-pfffffffft-79d9b014f4de,50,6,fluxic,12/29/2015 15:12
12088302,JPMorgan Chase raises its minimum wage by 20%,https://www.theguardian.com/business/2016/jul/12/jpmorgan-chase-raises-its-minimum-wage-by-20,2,1,jswny,7/13/2016 18:04
11070600,Introducing Vector Networks: Generalized path editing for graphics,https://medium.com/figma-design/introducing-vector-networks-3b877d2b864f,198,30,dankohn1,2/10/2016 3:37
11947340,"Bloody Plant Burger Smells, Tastes and Sizzles Like Meat",http://www.npr.org/sections/thesalt/2016/06/21/482322571/silicon-valley-s-bloody-plant-burger-smells-tastes-and-sizzles-like-meat,667,452,nradov,6/21/2016 17:08
10353511,MakerBot lays off 20% of its staff for the second time this year,http://www.theverge.com/2015/10/8/9477999/makerbot-layoffs-employees-lawsuit,8,1,SSilver2k2,10/8/2015 15:49
11705386,The Standschutze Hellriegel Submachine Gun Is a Mystery,https://warisboring.com/the-standschutze-hellriegel-submachine-gun-is-a-mystery-e98f6f66fb92,5,1,bootload,5/16/2016 10:23
11091735,"Slack now has 2.3MM daily active users, 675K paid seats, and 280 apps",http://venturebeat.com/2016/02/12/slack-now-has-2-3-million-daily-active-users-675000-paid-seats-and-280-apps-in-its-directory/,4,2,dufalop,2/13/2016 0:33
10609108,New Fn() vs. Object.create(P),http://mrale.ph/blog/2014/07/30/constructor-vs-objectcreate.html,67,20,tambourine_man,11/22/2015 4:40
11635974,The MBA Guide to Software Development,https://toddschiller.com/the-mba-guide-to-software-development.html,3,5,tschiller,5/5/2016 13:44
11859996,(2009) Sikuli: using GUI screenshots for search and automation,http://dspace.mit.edu/openaccess-disseminate/1721.1/72686,3,1,GuiA,6/8/2016 4:21
12265470,"Kim Dotcoms Mega 3, with Bitcoin. Two bad ideas that go worse together",http://rocknerd.co.uk/2016/08/10/kim-dotcoms-mega-3-with-bitcoin-two-bad-ideas-that-go-worse-together/,4,2,davidgerard,8/10/2016 23:49
11677893,Delivering the Next Generation of Digital Government,http://gsablogs.gsa.gov/gsablog/2016/05/03/delivering-the-next-generation-of-digital-government/,2,1,dikaiosune,5/11/2016 18:29
10912277,Alphabet Shakes Up Its Robotics Division,http://www.nytimes.com/2016/01/16/technology/alphabet-shakes-up-its-robotics-division.html?smid=tw-nytimestech&smtyp=cur,73,70,cryptoz,1/15/2016 21:34
11079401,Ask HN: Doing cold emails? helps us prove this concept for closing more leads,,8,12,going_to_800,2/11/2016 10:48
12470901,What books are on Palantir's reading list,,4,1,marginalcodex,9/10/2016 21:13
11257344,Understanding ASP.NET Performance for Reading Incoming Data  Stackify,http://stackify.com/understanding-asp-net-performance-for-reading-incoming-data/,2,1,spo81rty,3/10/2016 4:10
10210881,Ask HN: Any tips on finding relevant Shopify/Magento store owners?,,1,1,dmagriso,9/13/2015 10:21
11157185,GNU C Library 2.23 released,http://lwn.net/Articles/676727/,1,1,OrangeTux,2/23/2016 7:22
11568149,Anyconnect iOS IPv6 Is Tunneling Traffic to Local,http://imgur.com/a/1pX7u,2,1,hipaulshi,4/25/2016 23:13
12366498,Ask HN: Whats the best video talk you have ever seen?,,1,1,ThomPete,8/26/2016 14:28
11233747,More Money Really Does Make Schools Better,http://www.bloombergview.com/articles/2016-03-04/spending-more-money-really-does-make-schools-better,35,41,wslh,3/6/2016 13:50
10262406,The value of being cavalier,http://thefutureprimaeval.net/the-value-of-being-cavalier/,2,1,jessriedel,9/22/2015 23:23
10532855,"MI6 (SIS) Is Developing a Node.js, Angular, NoSQL, Hadoop System on Cloudera",https://recruitmentservices.applicationtrack.com/vx/lang-en-GB/mobile-0/appcentre-2/brand-2/candidate/so/pm/1/pl/5/opp/495-Software-Specialists-and-Support-Roles-Ref-495/en-GB,35,47,haser_au,11/9/2015 13:24
10249308,Facebook Identity Is Extortion and Slander,http://zedshaw.com/2015/09/20/facebook-identity-is-extortion-and-slander/,34,6,pavel_lishin,9/20/2015 21:53
12262529,The Million-Key Question: Investigating the Origins of RSA Public Keys,https://www.usenix.org/conference/usenixsecurity16/technical-sessions/presentation/svenda,106,33,dc352,8/10/2016 15:37
11314300,Chatfuel (YC W16) lets publishers and anyone build bots for messaging apps,http://techcrunch.com/2016/03/18/chatfuel-lets-publishers-and-anyone-build-bots-for-messaging-apps/,37,3,never-the-bride,3/18/2016 19:36
11875391,Raspberry Pi 2 in a Micro Data Centre for Big Data and Video Streaming [pdf],http://eprints.eemcs.utwente.nl/26954/01/20160408_capabilities-raspberry-pi-eprintsversion.pdf,4,2,KingBear,6/10/2016 10:22
10334806,Commentit: comments on GitHub pages,http://blog.guilro.com/2015/10/01/commentit.io.html,45,7,guilro,10/5/2015 20:46
12096596,Niantic (Pokemon Go) appears to be hosting the entire world on one server,,2,2,brokelynite,7/14/2016 19:33
10456017,Survey: Amazon is burying the competition in search,http://bloomreach.com/2015/10/survey-amazon-is-burying-the-competiton-in-search/,11,5,Oatseller,10/27/2015 3:01
10609919,Agility Follows an S-Curve,https://sandofsky.com/blog/the-s-curve.html,13,5,ingve,11/22/2015 12:54
12516611,Ask HN: Is it possible for someone to not be cut out for software engineering?,,182,185,conflicted_dev,9/16/2016 19:28
10626399,Einstein was no lone genius,http://www.nature.com/news/history-einstein-was-no-lone-genius-1.18793,118,61,etiam,11/25/2015 10:09
12049163,Star Trek and the kiss that changed TV,http://www.bbc.com/culture/story/20160707-star-trek-turns-50-why-it-was-subversive-and-groundbreaking,10,1,benologist,7/7/2016 13:31
12158068,64-bit ARM desktop hardware?,https://marcin.juszkiewicz.com.pl/2016/07/25/aarch64-desktop-hardware/,243,169,ashitlerferad,7/25/2016 12:11
10999402,Ask HN: Why is the design of hackernews that terrible?,,5,7,nikobellic,1/29/2016 23:32
11646877,A template for future news stories about scientific breakthroughs,http://andrewgelman.com/2016/05/04/a-template-for-future-news-stories-about-scientific-breakthroughs/,3,1,tokenadult,5/6/2016 21:36
10755060,Bug Bounty Ethics,https://www.facebook.com/notes/alex-stamos/bug-bounty-ethics/10153799951452929,114,35,maximilianburke,12/17/2015 22:28
11216678,The Symptoms Are Not the Disease,http://socrates.berkeley.edu/~kihlstrm/kraepelin.htm,2,1,nashke,3/3/2016 13:30
10404294,Microsoft Removes the Option to Opt Out of Windows 10 Free Upgrade?,http://techfrag.com/2015/10/16/microsoft-completely-removes-option-opt-windows-10-free-upgrade/,138,106,sanqui,10/17/2015 13:21
11406835,Show HN: HTTPalooza  Ruby's greatest HTTP clients on stage together,http://httpalooza.com,9,2,100k,4/1/2016 17:43
10458831,A collaborative step-by-step guide to build habits,https://myelin.io/build-habits,1,1,emilwallner,10/27/2015 15:57
12136916,Snowden to present design for a device that warns if iPhone radios transmitting,https://www.wired.com/2016/07/snowden-designs-device-warn-iphones-radio-snitches/,25,40,phr4ts,7/21/2016 14:08
10874184,What is WebAssembly? (2015),https://medium.com/javascript-scene/what-is-webassembly-the-dawn-of-a-new-era-61256ec5a8f6,140,66,VeilEm,1/10/2016 4:37
12254641,How to make the Scala compiler to review your code,http://pedrorijo.com/blog/scala-compiler-review-code-warnings/,1,1,pedrorijo91,8/9/2016 14:21
11652124,IBM is making a quantum computer available for anyone to play with,http://www.economist.com/news/science-and-technology/21698234-ibm-making-quantum-computer-available-anyone-play-now-try,58,10,cawel,5/8/2016 1:05
12112764,Using Simulated Annealing to Solve Logic Puzzles,http://blog.pluszero.ca/blog/2016/07/17/using-simulated-annealing-to-solve-logic-puzzles/,171,31,djoldman,7/18/2016 1:25
11982398,Do-It-Yourself Multiple Sclerosis Treatment,https://hackaday.io/project/11879-do-it-yourself-multiple-sclerosis-treatment,4,1,dammitcoetzee,6/26/2016 19:56
10924059,"Davos: Robots, new working ways to cost five million jobs by 2020",http://reuters.com/article/idUSKCN0UW0NV,2,1,petethomas,1/18/2016 12:46
10886671,Facebooks Mentions App Comes to Android,http://techcrunch.com/2016/01/11/facebook-mentions-android/,3,1,ksashikumar,1/12/2016 11:02
10546717,"Hello, Im Mr. Null. My Name Makes Me Invisible to Computers",http://www.wired.com/2015/11/null/,7,6,devhxinc,11/11/2015 14:12
12367754,Manhood for Amateurs: The Wilderness of Childhood (2009),http://www.nybooks.com/articles/2009/07/16/manhood-for-amateurs-the-wilderness-of-childhood/,72,52,taylorbuley,8/26/2016 17:22
11731171,Ask HN: How do I backup logical partition table with dd command?,,1,2,giis,5/19/2016 15:59
11637558,Goto in Scala (2009),http://blog.richdougherty.com/2009/03/goto-in-scala.html,2,1,ninjakeyboard,5/5/2016 16:34
11182705,A New Tool Helps Tackle Tricky Salary Negotiations,http://www.fastcompany.com/3057155/the-future-of-work/a-new-tool-helps-tackle-tricky-salary-negotations,12,3,plhjr,2/26/2016 17:37
10372044,An Introduction to Cybernetics (1957) [pdf],http://pespmc1.vub.ac.be/books/introcyb.pdf,41,16,joubert,10/12/2015 1:36
10635098,Ask HN: Is there space for one more web chat between IRC and Slack?,,6,4,jampa-uchoa,11/26/2015 22:51
12244475,Show HN: Publish blog post with a simple Git push,https://github.com/snehesht/blog,96,63,snehesht,8/7/2016 23:58
11665804,The Controlled Natural Language of Randall Munroe's Thing Explainer [pdf],http://arxiv.org/abs/1605.02457,176,91,tkuhn,5/10/2016 8:05
10532419,Ask HN: Where can I get interesting data sets online?,,2,2,J-dawg,11/9/2015 11:28
11007459,Bill of Rights largely embodied uncontroversial traditional rights of Englishmen,https://reason.com/archives/2016/01/31/the-bill-of-rights-revisited,3,1,privong,1/31/2016 18:55
12121794,How does Linux's perf utility understand stack traces?,http://stackoverflow.com/a/38280294/46799,37,3,shahbazac,7/19/2016 14:01
11240988,Show HN: Revelatte.com  Validate my MVP,,5,4,digitalice,3/7/2016 19:34
12350715,Four Big Banks to Create a New Digital Currency for Inter-Bank Transactions,https://news.bitcoin.com/four-banks-create-new-digital-currency/,97,61,minamisan,8/24/2016 9:15
11713506,"Show HN: Easiest Way to Run PHP Apps on AWS, DigitalOcean, Vultr and GCE",https://www.producthunt.com/tech/cloudways-2,7,1,Ayaz,5/17/2016 13:40
10688522,"Hoverboards are blowing up, US and UK officials warn",http://www.nydailynews.com/news/world/hoverboards-blowing-uk-officials-article-1.2457027,4,1,buserror,12/7/2015 9:29
11932840,Best language for image processing,,1,2,hoangvukenshin,6/19/2016 13:10
12036455,Nextcloud 9 does their 2nd release with iOS client and theming,https://nextcloud.com/nextcloud-9-update-brings-security-open-source-enterprise-capabilities-and-support-subscription-ios-app/,20,2,jospoortvliet,7/5/2016 14:00
11474000,Programs must be written for people to read,http://raganwald.com/2016/03/17/programs-must-be-written-for-people-to-read.html,10,3,braythwayt,4/11/2016 18:36
11930331,"Show HN: Ergohacking, Filter for ergonomic hacking keyboards",http://www.ergohacking.com,13,7,Muted,6/18/2016 19:56
12292574,"Whats more valuable, your idea or your secret?",https://bitsapphire.com/your-idea-or-your-secret/,23,13,bitsapphire,8/15/2016 18:53
11030074,The Fine Brothers thought they had found the future of YouTube. They were wrong,https://www.washingtonpost.com/news/the-intersect/wp/2016/02/02/after-youtube-outrage-the-fine-bros-decide-not-to-trademark-react/?tid=pm_lifestyle_pop_b,2,1,randycupertino,2/3/2016 21:52
11713008,Participate in the PokÃ©mon GO Field Test,http://www.pokemon.com/us/pokemon-news/participate-in-the-pokemon-go-field-test/,1,1,puddintane,5/17/2016 12:30
12319651,Most Extensive Reengineering of an Organisms Genetic Code Now Complete,http://www.scientificamerican.com/article/most-extensive-reengineering-of-an-organism-s-genetic-code-now-complete/,14,4,JumpCrisscross,8/19/2016 12:58
10633165,Researchers poke hole in custom crypto built for Amazon Web Services,http://arstechnica.com/science/2015/11/researchers-poke-hole-in-custom-crypto-protecting-amazon-web-services/,52,1,fufufanatic,11/26/2015 14:58
11698198,First Programming Language Designed Specifically for the Phone,http://www.fastcodesign.com/3059843/making-it/the-clever-ux-behind-hopscotchs-programming-iphone-app-for-kids/8,2,1,juanplusjuan,5/14/2016 21:49
11545194,Ask HN: Are your tickets highly nested?,,1,2,virgil_disgr4ce,4/21/2016 20:41
10861633,Feedback Needed:A task list that asks Q's what to do next for each task?,,1,2,sbartsa,1/7/2016 23:27
12516112,"Nassim Nicholas Taleb: ""The Intellectual yet Idiot"" Class",https://medium.com/@nntaleb/the-intellectual-yet-idiot-13211e2d0577#.nn139jr77,12,5,Jerry2,9/16/2016 18:24
11702847,Astrophysics Source Code Library,http://ascl.net/,85,4,hackuser,5/15/2016 21:26
12038109,Illinois Man Charged with Desecrating US Flag After Posting Photos on Facebook,http://www.forbes.com/sites/fernandoalfonso/2016/07/04/illinois-man-charged-with-desecrating-american-flag-after-posting-photos-on-facebook/,1,2,jackgavigan,7/5/2016 17:36
11071996,"Cysignals: signal handling (SIGINT, SIGSEGV, ) for calling C from Python",https://github.com/sagemath/cysignals,4,1,martinralbrecht,2/10/2016 11:28
12452116,Why is printing B dramatically slower than printing #? (2014),http://stackoverflow.com/questions/21947452/why-is-printing-b-dramatically-slower-than-printing?noredirect=1&lq=1,324,54,retox,9/8/2016 11:46
11140934,"Juggle monkey, juggle  Apple Watch app",https://itunes.apple.com/us/app/juggle-monkey-juggle/id1071244509?mt=8,1,1,pleshis,2/20/2016 17:19
11514106,Apple's amusingly round reuse figures,http://blog.jgc.org/2016/04/apples-amusingly-round-reuse-figures.html,205,91,jgrahamc,4/17/2016 10:44
11139230,Show HN: Pnyxter  a video app for debates and discussions,http://www.pnyxter.com,5,4,srikieonline,2/20/2016 7:04
11323180,Apple vs. The F.B.I.: How the Case Could Play Out,http://www.nytimes.com/2016/03/21/technology/apple-vs-the-fbi-how-the-case-could-play-out.html,66,32,dankohn1,3/20/2016 15:02
10920433,60% of working software engineers do Not have a CS degree,http://techcrunch.com/2016/01/12/unlocking-trapped-engineers/,55,60,gyosko,1/17/2016 18:49
11106354,Graph.no  Weather forecast via finger (2014),https://0p.no/2014/12/13/graph_no___weather_forecast_via_finger.html,26,6,yitchelle,2/15/2016 21:58
10250724,Kim Dotcom US extradition hearing begins,http://www.bbc.com/news/world-asia-34311267,3,1,martin_,9/21/2015 6:40
10828644,Nobody Wants Bitcoin,https://medium.com/@mattprd/nobody-wants-bitcoin-ae86f9677dd#.bsbfrmib0,2,2,exolymph,1/2/2016 23:49
11457964,SpaceX Successfully Lands Rocket on Drone Ship,http://www.bloomberg.com/news/articles/2016-04-08/spacex-attempts-to-land-a-rocket-on-a-drone-ship-for-the-fifth-time,63,11,Amorymeltzer,4/8/2016 21:06
12342679,"NASA Released Over 10,000 Photos from the Apollo Moon Mission",https://m.thevintagenews.com/2015/10/05/so-nasa-got-sick-of-all-that-conspiracy-thing-and-released-over-10000-photos-from-the-apollo-moon-mission/,22,5,CarolineW,8/23/2016 10:48
10718256,After Capitalism?,https://nplusonemag.com/issue-24/the-intellectual-situation/after-capitalism/,55,84,kawera,12/11/2015 17:10
11582958,One Regulation Is Painless  A Million of Them Hurt,http://www.bloombergview.com/articles/2016-04-27/one-regulation-is-painless-a-million-of-them-hurt,106,137,jseliger,4/27/2016 18:09
10343137,Math and Computer Wizards Now Billionaires Thanks to Quant Trading,http://www.forbes.com/sites/nathanvardi/2015/09/29/rich-formula-math-and-computer-wizards-now-billionaires-thanks-to-quant-trading-secrets/,42,14,6502nerdface,10/6/2015 23:24
12572423,"If the Internet had a README.md, what would it say?",http://readme.md/,2,1,guessmyname,9/24/2016 20:10
12336599,Ask HN: PhantomJS or Protractor?,,2,1,alistproducer2,8/22/2016 14:38
11898664,"Computer Crash Wipes Out Records for 100,000 Air Force Investigations",http://www.defenseone.com/technology/2016/06/computer-crash-wipes-out-years-air-force-investigation-records/129049/,10,4,hackuser,6/13/2016 23:38
12343421,"Ask HN: I don't need money, so what's the benefit to Y Combinator?",,1,2,forgottenacc56,8/23/2016 13:13
11284972,Show HN: Turn NPM installs into a Space Invaders style game in your terminal,https://www.npmjs.com/nplaym,105,34,massivedragon,3/14/2016 19:33
12574409,Surprising stats about child carseats,https://www.ted.com/talks/steven_levitt_on_child_carseats#t-423575,1,1,dpatru,9/25/2016 8:06
11432092,John Carmack on Functional Programming,http://gamasutra.com/view/news/169296/Indepth_Functional_programming_in_C.php,7,2,ktRolster,4/5/2016 16:57
12152915,Linux Game Porting and Day of the Tentacle Remastered,http://cheesetalks.net/porting_dott.php,51,4,ingve,7/24/2016 10:22
10546439,Fighting Over Fatigue,http://mosaicscience.com/chronic-fatigue-syndrome-me,21,22,tomkwok,11/11/2015 13:03
11609980,vdev in Devuan replaces Debian udev,https://git.devuan.org/unsystemd/vdev,3,2,chris_wot,5/2/2016 8:33
10506944,"Show HN: The Jizz Quiz: NSFW Game  1 Porn Movie Title, 3 Thumbnails. Which One?",http://fuky.tv/jizzquiz/,6,1,rodstod,11/4/2015 14:54
10599898,"Ask HN: Best way to make a service like Uber, but for logistics?",,1,2,itsashis4u,11/20/2015 6:14
12363622,Babili: An ES6+ aware minifier based on the Babel toolchain,https://github.com/babel/babili,9,1,amasad,8/26/2016 0:59
10800881,Free Springer math books,https://gist.github.com/bishboria/8326b17bbd652f34566a,322,68,DanielRibeiro,12/28/2015 12:50
12108336,Microsoft Orleans  An approach to building distributed applications in .NET,http://dotnet.github.io/orleans/,175,65,hitr,7/16/2016 23:48
11679297,Ask HN: Android AudioRecord forcing VOICE_CALL to MIC audio source,,1,2,NLL_APPS,5/11/2016 21:08
12080802,Squirrel Programming Language,https://developer.valvesoftware.com/wiki/Squirrel,81,50,joubert,7/12/2016 17:23
10607477,Utah junior high school asks students to draw 'terrorism propaganda poster',http://kutv.com/news/local/utah-junior-high-school-asks-students-to-draw-terrorism-propaganda-poster,2,1,shawndumas,11/21/2015 18:08
10390428,Yukon Moose Hunting,http://theroadchoseme.com/yukon-moose-hunting,9,2,grecy,10/15/2015 0:05
11639570,Apple and SAP Team Up for Blockbuster Partnership,http://fortune.com/2016/05/05/apple-sap-partnership/,2,1,augb,5/5/2016 20:50
12546542,Homebrew 1.0.0,http://brew.sh/2016/09/02/homebrew-1.0.0/,902,245,robin_reala,9/21/2016 9:01
11925394,We said: We love what were doing and shut down our startup,https://entrepreneurs.maqtoob.com/my-cofounder-said-i-love-what-were-doing-and-we-shut-down-our-startup-80d5e710c2b2#.uypwo0jle,17,8,chlestakoff,6/17/2016 20:37
11238667,BBVA acquires Finnish banking startup Holvi,https://info.bbva.com/en/news/general/bbva-acquires-finnish-banking-start-holvi/,63,15,Sujan,3/7/2016 13:15
11268524,San Jose Is the Most Forgettable Major American City,http://fivethirtyeight.com/features/san-jose-is-the-most-forgettable-major-american-city/?ex_cid=538twitter,3,1,jseliger,3/11/2016 18:29
10425844,Automatic image categorization and tagging with Imagga,http://cloudinary.com/blog/automatic_image_categorization_and_tagging_with_imagga,6,1,orlyb,10/21/2015 14:56
11803538,PayPal halts operations in Turkey,http://en.webrazzi.com/2016/05/30/paypal-halts-operations-in-turkey/,8,3,cettox,5/30/2016 22:17
11236612,The Demographics of Innovation in the United States,https://itif.org/publications/2016/02/24/demographics-innovation-united-states,24,7,npalli,3/7/2016 1:56
10276836,The life and death of a laptop battery,http://people.skolelinux.org/pere/blog/The_life_and_death_of_a_laptop_battery.html,81,58,wielebny,9/25/2015 7:53
10916911,"Ask HN: Your favorite resources to improve critical thinking, imagination?",,3,1,vijayr,1/16/2016 21:25
11561770,How Kalman Filters Work,http://www.anuncommonlab.com/articles/how-kalman-filters-work/,377,29,slackpad,4/24/2016 23:06
12081337,Facebook faces $1B lawsuit for providing 'material support' to Hamas,http://www.theverge.com/2016/7/12/12158292/facebook-lawsuit-israel-hamas-palestinian-attacks,3,2,jswny,7/12/2016 18:34
10487654,People in Sweden are hiding cash in their microwaves,http://business.financialpost.com/business-insider/people-in-sweden-are-hiding-cash-in-their-microwaves-because-of-a-fascinating-and-terrifying-economic-experiment,42,48,lelf,11/1/2015 19:09
10695831,Li-Fi ain't a Wi-Fi killer just yet,http://e27.co/otr-stop-burying-problems-li-fi-save-headline-20151204/?utm_source=hackernews&utm_medium=org&utm_campaign=seed,2,1,playmelikealyra,12/8/2015 11:43
10379517,Ask HN: How did you find your last job?,,11,22,yarper,10/13/2015 10:42
12550532,"Five-Second Rule for Food on Floor Is Untrue, Study Finds",http://www.nytimes.com/2016/09/20/science/five-second-rule.html,6,2,utternerd,9/21/2016 17:50
11365068,A Conversation on Privacy,https://theintercept.com/a-conversation-about-privacy/,8,3,nomoba,3/26/2016 9:53
10333755,Alan Kay: Computer Applications  A Medium for Creative Thought (1972) [video],https://www.youtube.com/watch?v=WJzi9R_55Iw,113,15,jarmitage,10/5/2015 18:30
10377599,"Twitter suspends Deadspin, SBNation accounts over apparent copyright violations",http://www.geekwire.com/2015/twitter-suspends-deadspin-sbnation-accounts-over-apparent-copyright-violations/,2,1,ryanwhitney,10/12/2015 23:57
12219562,Silicon Valley's elite tribe for young entrepreneurs,http://qz.com/663493/the-price-of-admission-into-summit-series-silicon-valleys-elite-tribe-for-young-entrepreneurs-vulnerability/,1,1,etendue,8/3/2016 17:09
12191473,"Single Minecraft universe with infinite worlds, larger than Earth",https://minecraftly.com/,1,1,viet_nguyen,7/30/2016 3:25
10267708,More Startup Metrics,http://a16z.com/2015/09/23/16-more-metrics/,6,1,dshankar,9/23/2015 19:56
10729437,Ask HN: Good programmable robot kit for teens?,,51,37,fenier,12/14/2015 4:35
12487180,"Ask HN: Would you be interested in an embeddable, lightweight subset of Python?",,5,8,parnor,9/13/2016 11:47
10393485,How to make sure nothing gets done at work,http://fortune.com/2015/09/30/workplace-bureaucracy-simple-sabotage/,13,3,jaoued,10/15/2015 14:52
10204588,"At WeWork, an Idealistic Startup Clashes with Its Cleaners",http://www.nytimes.com/2015/09/13/business/at-wework-an-idealistic-startup-clashes-with-its-cleaners.html,3,1,kanamekun,9/11/2015 16:26
10842381,Three Years as a One-Man Startup,https://medium.com/@SteveRidout/3-years-as-a-one-man-startup-489db6e48f2a#.5x1jua8ac,718,218,steveridout,1/5/2016 10:00
10684892,Palm: I'm Ready to Wallow Now (2013),http://www.osnews.com/story/26838/Palm_I_m_ready_to_wallow_now,19,5,ascertain,12/6/2015 10:33
11470087,Lektor Static Content Management System Version 2.0 Released,https://www.getlektor.com/blog/2016/4/lektor-2-released/,102,14,the_mitsuhiko,4/11/2016 7:24
11973477,"Heroin epidemic is at 1996 levels,?but the conversation is different",https://medium.com/@meaganday/the-heroin-epidemic-is-at-1996-levels-but-the-conversation-is-radically-different-321aa1ec8c1b#.py67sno60,2,1,_acme,6/24/2016 21:06
10802033,Show HN: Where SF public transit breaks rules,http://oddball.eskibars.com/#speed-heatmap,2,2,eskibars,12/28/2015 16:57
10349831,MedicalBnB  Shop healthcare providers around the world,http://www.medicalbnb.com,7,1,jbueza,10/7/2015 23:18
12461489,The hard part of helping survivors recover comes months later,http://www.vox.com/2015/9/11/9301089/911-survivor-recovery,99,28,dwaxe,9/9/2016 12:30
11600800,An end to bill shock as EU mobile roaming charges are slashed,http://www.theguardian.com/money/2016/apr/30/end-bill-shock-eu-mobile-roaming-charges-slashed-phone,71,77,YeGoblynQueenne,4/30/2016 7:34
11608511,Feinstein-Burr: The Bill That Bans Your Browser,https://www.justsecurity.org/30740/feinstein-burr-bill-bans-browser/,281,120,throwaway2016a,5/2/2016 0:21
12354097,Computational Complexity versus the Singularity,http://www.gwern.net/Complexity%20vs%20AI,16,1,gwern,8/24/2016 18:19
10554359,London-based Improbable unveils SpatialOS for distributed simulation,http://www.alphr.com/technology/1001967/improbable-the-british-tech-startup-with-massive-ambition,68,25,ggambetta,11/12/2015 16:59
11387906,Fun with Lambdas: C++14 Style,http://cpptruths.blogspot.com/2014/03/fun-with-lambdas-c14-style-part-1.html,4,1,hellofunk,3/30/2016 8:57
11265783,The Open API Initiative,https://openapis.org/,80,21,xrorre,3/11/2016 10:32
10555625,Neurotic Styles of Management (2010),https://gbr.pepperdine.edu/2010/08/seven-neurotic-styles-of-management/,7,2,colund,11/12/2015 19:50
12241775,"Microsoft, Sony, and others still use illegal warranty-void-if-removed stickers",http://www.extremetech.com/gaming/233120-microsoft-sony-and-other-manufacturers-still-use-illegal-warranty-void-if-removed-stickers,175,55,doener,8/7/2016 11:29
10600878,Use of High-Tech Brooms Divides Low-Tech Sport of Curling,http://www.nytimes.com/2015/11/20/sports/facing-control-issues-curling-draws-line-at-high-tech-brooms.html,1,1,mhb,11/20/2015 12:41
11940476,People for the Ethical Treatment of Reinforcement Learners,http://petrl.org/,1,2,jimfleming,6/20/2016 19:08
10227671,Why I wouldnt use rails for a new company,http://blog.jaredfriedman.com/2015/09/15/why-i-wouldnt-use-rails-for-a-new-company/,2,3,pbreit,9/16/2015 16:15
11576190,VPN User Arrested,http://fried.com/news/vpn-user-arrested/,6,1,denzil_correa,4/26/2016 22:16
11022664,Its not that theyre stupid; its just that they dont know anything,http://consiliumeducation.com/itm/2016/01/26/the-learning-wedge-2/,13,3,tokenadult,2/2/2016 21:14
10997154,Robomongo  10 days left,http://robomongo.org/,4,2,yaddayadda,1/29/2016 18:15
11589373,Benefits of 1 Minute of All-Out Effort during Exercise,http://well.blogs.nytimes.com/2016/04/27/1-minute-of-all-out-exercise-may-equal-45-minutes-of-moderate-exertion/,175,142,tosseraccount,4/28/2016 15:04
10929491,"Windows, quo vadis?",https://medium.com/binary-passion/windows-quo-vadis-7b9ed7ba2a0a,3,2,datalist,1/19/2016 9:14
10371787,Analyse Asia 66: How will you measure your life with James Allworth,http://analyse.asia/2015/10/12/episode-66-how-will-you-measure-your-life-with-james-allworth/,1,1,bleongcw,10/12/2015 0:18
11459593,Terrifyingly Convenient,http://www.slate.com/articles/technology/cover_story/2016/04/alexa_cortana_and_siri_aren_t_novelties_anymore_they_re_our_terrifyingly.html,66,42,DiabloD3,4/9/2016 2:21
10207952,OCaml's 20th Anniversary,https://sympa.inria.fr/sympa/arc/caml-list/2015-09/msg00079.html,166,34,amirmc,9/12/2015 12:53
10921145,Coffee: A Journey,http://www.stevestreeting.com/2016/01/17/coffee-a-journey/,3,1,braithers,1/17/2016 21:24
12152492,The Slave Who Stole the Confederate Codes and a Rebel Warship,http://www.thedailybeast.com/articles/2016/07/23/the-slave-who-stole-the-confederate-codes-and-a-rebel-warship.html,121,22,wallflower,7/24/2016 6:41
12266349,$3.6M Bounty to Recover Stolen Bitcoin,http://www.coindesk.com/bitfinex-6000-btc-bounty-stolen-bitcoin/,3,1,mrb,8/11/2016 4:54
10807344,"For your iOS App: Hire a Ninja, Not a Mixed Martial Artist",https://medium.com/ninjarobot-apps/hire-a-ninja-not-a-mixed-martial-artist-caed5f2c8c80#.mrnezcmrp,4,3,ajmarquez,12/29/2015 16:15
10483719,Victor Lustig  Man who sold the Eiffel tower,https://en.wikipedia.org/wiki/Victor_Lustig,7,1,prhomhyse,10/31/2015 19:07
12203245,How They Work: WWI Firearms Animations,http://imgur.com/a/FCjOH,9,1,awqrre,8/1/2016 15:40
10834298,Big RAM laptops are abundant as Lenovo does its Skylake refresh,http://arstechnica.com/gadgets/2016/01/big-ram-laptops-are-abundant-as-lenovo-does-its-skylake-refresh/,65,80,ingve,1/4/2016 6:23
11304118,U.S. army developing encrypted radar waveform,https://thestack.com/world/2016/03/16/u-s-army-developing-encrypted-radar-waveform/,60,40,chewymouse,3/17/2016 13:19
12383012,The Myth of RAM (2014),http://www.ilikebigbits.com/blog/2014/4/21/the-myth-of-ram-part-i,593,277,ddlatham,8/29/2016 16:27
10560213,Ask HN: What is this black bar?,,3,1,shade23,11/13/2015 15:12
11643711,Why You Cant Lose Weight on a Diet,http://www.nytimes.com/2016/05/08/opinion/sunday/why-you-cant-lose-weight-on-a-diet.html,4,2,steve_w,5/6/2016 13:16
11219165,Comment on Estimating the reproducibility of psychological science,http://projects.iq.harvard.edu/files/psychology-replications/files/gilbert_king_pettigrew_wilson_2016_with_appendix.pdf?m=1456973260,2,1,jermaink,3/3/2016 19:09
12575573,EliasDB  A graph-based database,https://github.com/krotik/eliasdb,44,3,kawera,9/25/2016 14:51
10644819,WebGL water scene,https://c1.goote.ch/c8a05c9a6d4a4929a3fa50e6ebdee0c3.scene/,344,112,svenfaw,11/29/2015 15:36
12447711,Selflessness and Startups,http://dantawfik.com/selflessness?yc-hnews,3,1,rpkoven,9/7/2016 21:08
11911869,StartSSL starts LetsEncrypt competitor product,https://www.startssl.com/StartEncrypt,36,26,jakobbuis,6/15/2016 20:19
12149685,Nokia to make smartphone comeback with duo of Android 7.0 Nougat handsets,http://www.theinquirer.net/inquirer/news/2465691/nokia-to-make-smartphone-comeback-with-duo-of-android-70-nougat-handsets,10,2,walterbell,7/23/2016 15:07
11848762,Cadillac Bets on Virtual Dealerships,http://www.wsj.com/article_email/cadillac-bets-on-virtual-dealerships-1465172482-lMyQjAxMTE2MzAwNjIwOTYyWj,16,11,prostoalex,6/6/2016 17:54
10758333,Computer Scientists Are Stunned by This Chicago Professors New Proof,http://www.chicagomag.com/city-life/October-2015/Why-Computer-Scientists-and-Mathematicians-Are-Stunned-By-a-Chicago-Professors-New-Proof/,5,2,lseemann,12/18/2015 13:41
11277172,How does perf work? (in which we read the Linux kernel source),http://jvns.ca/blog/2016/03/12/how-does-perf-work-and-some-questions/,78,7,bartbes,3/13/2016 10:40
12413005,"Introducing Ellp, a New Device Helper",http://www.ellp.com,1,1,EllpLimited,9/2/2016 13:49
11804737,Disruption is not a strategy,http://reactionwheel.net/2016/05/disruption-is-not-a-strategy.html,94,34,digisth,5/31/2016 5:14
10421100,Product Design of the Stripe Dashboard for iPhone,https://medium.com/swlh/exploring-the-product-design-of-the-stripe-dashboard-for-iphone-e54e14f3d87e,84,11,benjamindc,10/20/2015 19:09
12403854,The next version of Fedora picks up Rust,http://www.infoworld.com/article/3114475/open-source-tools/the-next-version-of-fedora-picks-up-rust.html,91,17,neverminder,9/1/2016 9:04
10381914,Emacs maintainer steps down,https://lists.gnu.org/archive/html/emacs-devel/2015-09/msg00849.html,241,71,zeveb,10/13/2015 17:16
10913604,Raru: Run as random user,https://github.com/teran-mckinney/raru,65,24,subbz,1/16/2016 1:06
11297015,Ask HN: What books do you wish your manager would read?,,50,55,a3n,3/16/2016 13:20
11310605,F# and GPUs for Life Insurance Modeling,https://devblogs.nvidia.com/parallelforall/gpus-dsls-life-insurance-modeling,78,14,jmartinpetersen,3/18/2016 8:49
10624019,Ask HN: How to value small side projects? Can you sell them?,,9,9,vonklaus,11/24/2015 22:27
11665351,"Show HN: An interactive, in-editor keyboard shortcuts tutorial for Sublime Text",https://sublimetutor.com,4,2,jaip,5/10/2016 5:39
12140014,A Cute Internet Star Flirts. All He Wants Is Your Password,http://www.nytimes.com/2016/07/21/arts/music/hacked-by-jack-johnson.html,52,26,jaynos,7/21/2016 20:57
11784811,Ripple is a Silicon Valley-based startup making milk from peas,http://techcrunch.com/2016/05/25/ripple-is-a-silicon-valley-based-startup-making-milk-from-peas/,6,2,spoofball,5/27/2016 9:17
10409781,Beavers: A Potential Missing Link in California's Water Future,http://www.waterdeeply.org/articles/2015/10/8753/beavers-potential-missing-link-californias-water-future/,31,3,curtis,10/18/2015 21:04
10294307,An Edo-Era Japanese World Map,http://www.atlasobscura.com/articles/the-maps-that-helped-the-citizens-of-a-locked-country-see-the-world,14,1,Petiver,9/29/2015 1:47
12384101,Agora.io Is Poised to Dominate Real-Time Voice and Video Apps,http://www.forbes.com/sites/jlim/2016/08/26/agora-io-is-poised-to-dominate-real-time-voice-and-video-apps/#21b032776046,1,1,Mimiron,8/29/2016 18:37
11559040,Solar Impulse lands in California after Pacific crossing,http://www.bbc.com/news/science-environment-36122618,90,45,frgewut,4/24/2016 9:00
10711885,Mountain-climbing addresses for code lines,http://ansuz.sooke.bc.ca/entry/290,16,2,nkurz,12/10/2015 17:28
10305925,Sean Parkers Brigade App  Take Political Positions,https://www.brigade.com,1,1,luisrudge,9/30/2015 18:14
12542239,Accenture breaks blockchain taboo with editing system,http://www.reuters.com/article/us-tech-blockchain-accenture-idUSKCN11Q1S2,3,2,adventured,9/20/2016 18:57
11071628,The History of Joy Divisions Unknown Pleasures Album Art,http://adamcap.com/2011/05/19/history-of-joy-division-unknown-pleasures-album-art/?utm_source=feedly,5,1,ric3rcar,2/10/2016 9:43
12080921,How to Negotiate with a Liar,https://hbr.org/2016/07/how-to-negotiate-with-a-liar,2,1,succinct_ideas,7/12/2016 17:38
12011138,Google's My Activity reveals just how much it knows about you,https://www.theguardian.com/technology/2016/jun/29/google-reveals-information-it-knows-about-you-my-activity,4,1,betolink,6/30/2016 19:46
12063006,How 'PokÃ©mon GO' Can Lure More Customers to Your Local Business,http://www.forbes.com/sites/jasonevangelho/2016/07/09/how-pokemon-go-can-lure-more-customers-to-your-local-business/#234b323d7fe4,44,22,nimos,7/9/2016 19:57
12137437,Statement on DMCA Lawsuit,http://blog.cryptographyengineering.com/2016/07/statement-on-dmca-lawsuit.html,45,3,hardmath123,7/21/2016 15:22
11255217,CRIU 2.0 release,https://lists.openvz.org/pipermail/criu/2016-March/026045.html,19,2,conductor,3/9/2016 19:36
10498040,Money Flooding Out of Canada at Fastest Pace in Developed World,http://www.bloomberg.com/news/articles/2015-11-02/money-flooding-out-of-canada-at-fastest-pace-in-developed-world,138,67,kspaans,11/3/2015 7:09
10875233,Show HN: Timetrabbble  the best dribbble shots on this day over time,http://www.timetrabbble.com,3,1,jeromedl,1/10/2016 13:31
12556822,The Code Coverage Paradox,https://blog.decaresystems.ie/2016/09/22/the-code-coverage-paradox/,2,1,yawz,9/22/2016 13:56
11690544,Americans Dont Miss Manufacturing  They Miss Unions,http://fivethirtyeight.com/features/americans-dont-miss-manufacturing-they-miss-unions/,9,6,marricks,5/13/2016 14:19
10822642,Tesla Model S Burns During Supercharging in Norway: Reports,http://jalopnik.com/tesla-model-s-burns-to-a-crisp-during-supercharging-in-1750581400,33,16,punnerud,1/1/2016 18:14
12238024,The Guardian Release Progressive Web App to Coincide with Rio Games,https://riorun.theguardian.com/,18,10,rich_harris,8/6/2016 13:17
12358638,How to Crawl the Web Politely with Scrapy,https://blog.scrapinghub.com/2016/08/25/how-to-crawl-the-web-politely-with-scrapy/,139,41,stummjr,8/25/2016 13:01
10913026,Bitcoin Rich List (Just Found This),http://www.bitcoinrichlist.com/top100,3,1,LukeFitzpatrick,1/15/2016 23:17
12412034,Website builder market research,https://docs.google.com/spreadsheets/d/1v724O2CtUTSNQQEk_-aARA_iZVwnaDjm56NOK4AAVjg/edit?usp=sharing,3,1,adibalcan,9/2/2016 10:20
12297530,EquationGroup Tool Leak  ExtraBacon Demo,https://xorcatt.wordpress.com/2016/08/16/equationgroup-tool-leak-extrabacon-demo/,147,33,ianhawes,8/16/2016 14:07
10697787,What if? On the value of counterfactual history,https://aeon.co/essays/what-if-historians-started-taking-the-what-if-seriously,31,10,benbreen,12/8/2015 17:19
12423976,Ask HN: Why should open source support be free? I don't think it should.,,2,3,hoodoof,9/4/2016 12:26
10687113,Woman who has never felt pain experiences it for the first time,https://www.newscientist.com/article/dn28623-woman-who-has-never-felt-pain-experiences-it-for-the-first-time,50,16,kawera,12/6/2015 23:05
10595338,Scams work,https://medium.com/@BMasson/scams-work-40b89febce85#.6bxf7fgzl,2,1,nichademus,11/19/2015 15:43
11275392,Node.js Internet of Things system to control cheap 433Mhz-based devices,https://github.com/roccomuso/iot-433mhz,4,1,roccomuso,3/12/2016 23:57
11476726,Arthur Whitney's short list comparison of J to Lisp/Scheme/Clojure,,5,3,eggy,4/12/2016 2:11
10458788,Diet and health. What can you believe: or does bacon kill you?,https://thewinnower.com/papers/diet-and-health-what-can-you-believe-or-does-bacon-kill-you,2,1,jmnicholson,10/27/2015 15:51
10631008,Why the focus should be mass transit instead of tolls to fix traffic congestion,http://economicjustice.ca/2015/11/23/why-the-focus-should-be-mass-transit-instead-of-tolls-to-relieve-traffic-congestion-1/,138,147,tristanj,11/26/2015 2:50
10367750,Show HN: Simple Easy Flashcards for Students and Teachers,http://mysimpleflashcards.com,7,4,BradleyCulley,10/11/2015 2:09
10813455,Android-x86 dev offers $50k for proof of contribution by Kickstarted ConsoleOS,https://lists.01.org/pipermail/android-ia/2015-December/001107.html,216,38,sandGorgon,12/30/2015 18:31
10431959,Mobirise Free Website Creator Software v2.3 Is Out,http://mobirise.com,2,1,Mobirise,10/22/2015 13:12
12000893,Show HN: Monkberry  a JavaScript library for building web user interfaces,http://monkberry.js.org,115,39,medv,6/29/2016 11:30
12061416,Study finds volume discounts dont increase profitability for video games,https://news.uchicago.edu/article/2016/07/08/economics-study-finds-volume-discounts-dont-increase-profitability-video-games,4,1,jt2190,7/9/2016 14:42
11459779,Not an ex-parrot,http://www.economist.com/news/science-and-technology/21695858-bizarre-bird-will-have-all-its-surviving-members-genomes-sequenced-not,14,3,HandleTheJandal,4/9/2016 3:38
11036156,Ask HN: Palantir Software Engineering,,30,20,turd_ferguson,2/4/2016 18:44
11103873,Building an online bookshelf with Go,https://github.com/shekhargulati/52-technologies-in-2016/blob/master/07-hugo/README.md,6,1,ingve,2/15/2016 15:37
10722607,Show HN: Backbone.bootstrap,https://github.com/TruffleMuffin/backbone.bootstrap,3,1,TruffleMuffin,12/12/2015 12:59
11788041,Andrew Ng calls Tesla irresponsible for shipping an imperfect autopilot,https://www.facebook.com/andrew.ng.96/posts/1025649884157585,51,61,impish19,5/27/2016 18:48
10965884,Yahoo shuts down BOSS API,https://developer.yahoo.com/boss/search/,2,1,solveforall,1/25/2016 6:22
11851103,Tesla and Tucker  Similarities Between Automakers,http://www.popularmechanics.com/cars/a21094/what-tesla-needs-to-learn-from-tucker/,33,25,jonbaer,6/6/2016 22:46
12316734,Low-income students can soon get federal aid to attend coding schools,https://techcrunch.com/2016/08/18/low-income-students-will-soon-be-able-to-get-federal-aid-to-attend-coding-bootcamps/,28,48,michaelrkn,8/18/2016 22:21
10798964,Comcast turns on first gigabit cable modem in Philadelphia,http://www.engadget.com/2015/12/27/comcast-intros-first-gigabit-cable-modem/,1,1,rmason,12/27/2015 22:20
11283909,Ask HN: Ever built any integrations between a SaaS product and other products?,,5,6,carmenapostu,3/14/2016 16:57
10779392,A Google-Ford Self-Driving Car Project Makes Perfect Sense,http://www.wired.com/2015/12/a-google-ford-self-driving-car-project-makes-perfect-sense/,1,1,ourmandave,12/22/2015 18:29
12554300,Show HN: The 'stackoverflow' for startup marketing,https://capitalandgrowth.org/index.html,3,1,jkuria,9/22/2016 4:13
10921060,"How El Chapo Was Finally Captured, Again",http://www.nytimes.com/2016/01/17/world/americas/mexico-el-chapo-sinaloa-sean-penn.html,5,2,howrude,1/17/2016 21:04
11396425,Developers can run Bash Shell and user-mode Ubuntu Linux binaries on Windows 10,http://www.hanselman.com/blog/DevelopersCanRunBashShellAndUsermodeUbuntuLinuxBinariesOnWindows10.aspx,4,1,jsingleton,3/31/2016 11:47
10814906,US military shelves Google robot plan,http://www.bbc.com/news/technology-35201183,4,2,jnord,12/30/2015 22:45
11677044,"Show HN: Upload and share files without limits  Secure, anonymous, free",https://uploadfiles.io/,10,5,rsbadger,5/11/2016 17:01
12557943,Getting Press for Your Startup,http://www.themacro.com/articles/2016/09/getting-press-for-your-startup/,286,32,endswapper,9/22/2016 16:23
11054647,Why do Chinese websites look so busy?,https://econsultancy.com/blog/67466-why-do-chinese-websites-look-so-busy,79,58,cstuder,2/7/2016 20:27
11185629,"VCs leave Sand Hill Road, seek out new hot spots",http://www.mercurynews.com/business/ci_29566101/vcs-leave-sand-hill-road-seek-out-new,5,2,prostoalex,2/27/2016 1:39
10651545,Detroit tries unconventional approach to restoring its housing market,https://www.washingtonpost.com/realestate/detroit-tries-unconventional-approach-to-restoring-its-housing-market/2015/11/26/a98db95a-7670-11e5-b9c1-f03c48c96ac2_story.html,24,5,e15ctr0n,11/30/2015 20:35
10763349,A new way to make laser-like beams using 250x less power (2014),http://ns.umich.edu/new/releases/22218-a-new-way-to-make-laser-like-beams-using-250x-less-power,3,2,robin_reala,12/19/2015 12:01
12240386,Apple and the Gun Emoji,http://blog.emojipedia.org/apple-and-the-gun-emoji/,59,67,firloop,8/6/2016 23:36
12398497,Homo Deus by Yuval Noah Harari  How data will destroy human freedom,https://www.theguardian.com/books/2016/aug/24/homo-deus-by-yuval-noah-harari-review,100,29,jordn,8/31/2016 14:23
12058713,WWDC16 Video Transcripts,https://developer.apple.com/news/?id=07082016a,55,8,ingve,7/8/2016 21:17
11828636,Emoji only social network,https://emoj3.com,1,2,darylrowland,6/3/2016 6:06
10919641,"Why You Love That Ikea Table, Even If It's Crooked (2013)",http://www.npr.org/2013/02/06/171177695/why-you-love-that-ikea-table-even-if-its-crooked,29,27,pykello,1/17/2016 15:12
11578907,Scientists develop transparent wood,http://pubs.acs.org/doi/abs/10.1021/acs.biomac.6b00145,2,2,Fjolsvith,4/27/2016 9:31
12566500,August 2016 Lisp Game Jam Postmortem,http://stevelosh.com/blog/2016/08/lisp-jam-postmortem/,109,17,nodivbyzero,9/23/2016 17:44
10976207,On Being Relentlessly Resourceful (HT Paul Graham),https://blog.trytomo.com/on-being-relentlessly-resourceful-your-company-culture-starts-day-1-17a35bc93c90,2,1,saddington,1/26/2016 21:24
12578028,Appropriate Uses for SQLite,https://sqlite.org/whentouse.html,125,56,ftclausen,9/25/2016 23:27
11277802,What Happens When the Surveillance State Becomes an Affordable Gadget?,http://www.bloomberg.com/news/articles/2016-03-10/what-happens-when-the-surveillance-state-becomes-an-affordable-gadget,131,32,sergeant3,3/13/2016 14:30
10223735,New York Mayor De Blasio to Require Computer Science in Schools,http://www.nytimes.com/2015/09/16/nyregion/de-blasio-to-announce-10-year-deadline-to-offer-computer-science-to-all-students.html?emc=edit_na_20150915&nlid=21175094&ref=headline&_r=0,100,80,mcgwiz,9/15/2015 23:21
10327827,"Ask HN: What happened to the monthly Best Laptop"" threads",,6,8,o_s_m,10/4/2015 15:50
11991479,Why Google Stores Billions of Lines of Code in a Single Repository,http://cacm.acm.org/magazines/2016/7/204032-why-google-stores-billions-of-lines-of-code-in-a-single-repository/fulltext,391,218,signa11,6/28/2016 4:21
11486063,Ask HN: KYC regs and SVB,,2,3,danieltillett,4/13/2016 6:01
11327648,Ask HN: How do you find unused CSS?,,12,10,tmaly,3/21/2016 12:44
10304987,A9ChipSource: small open-source iOS utility to identify A9 foundry,https://github.com/WDUK/A9ChipSource,37,23,throwaway000002,9/30/2015 16:14
11036994,SDCC  Small Device C Compiler,http://sdcc.sourceforge.net/,51,23,vmorgulis,2/4/2016 20:35
11602494,Language Creation Society Files Brief Opposing Ownership of Klingon,https://torrentfreak.com/language-creation-society-joins-klingon-copyright-battle-160428/,3,1,johan_larson,4/30/2016 17:06
11893756,Implementing Queues for Event-Driven Programs,http://ithare.com/implementing-queues-for-event-driven-programs/,80,27,ingve,6/13/2016 13:41
12382719,GitHub Issues Do's and Don'ts,https://medium.com/@jhchen/45-github-issues-dos-and-donts-dfec9ab4b612/,71,22,martyhu,8/29/2016 15:52
11477211,"Genetic superheroes survive despite devastating mutations, study finds",http://www.seattletimes.com/seattle-news/health/genetic-superheroes-survive-despite-devastating-mutationsseattle-led-study-finds/,2,1,zaroth,4/12/2016 4:13
10724098,Introduction to A* algorithm,http://www.redblobgames.com/pathfinding/a-star/introduction.html,3,1,wh-uws,12/12/2015 20:52
10402711,FreeNAS 10 alpha,http://www.freenas.org/whats-new/2015/10/announcing-freenas-10-alpha.html,9,1,phren0logy,10/16/2015 23:47
11773568,OpenAI Team Update,https://openai.com/blog/team-update/,125,25,sama,5/25/2016 22:15
11920030,On Snappy and Flatpak,https://www.happyassassin.net/2016/06/16/on-snappy-and-flatpak-business-as-usual-in-the-canonical-propaganda-department/,33,4,qubit23,6/17/2016 0:50
12204676,Cracking the Adventure Time cipher,http://aaronrandall.com/blog/cracking-the-adventure-time-cipher/,241,24,aaronrandall,8/1/2016 18:22
11793214,TeamViewer may have been hacked,https://www.teamviewer.com/en/company/press/statement-on-potential-teamviewer-hackers/,4,1,TheGuyWhoCodes,5/28/2016 20:08
11608182,The Once and Future IBM Platform,http://www.nextplatform.com/2016/04/26/future-ibm-platform/,5,1,jonbaer,5/1/2016 22:40
11466357,Aerospace America: A Survey of Possible Interstellar Propulsion Methods [pdf],http://www.aerospaceamerica.org/Documents/Aerospace_America_PDFs_2016/April2016/Feature1_Proxima_AA_April2016.pdf,32,6,Osiris30,4/10/2016 14:54
10812319,"GaugeMap: Thousands of river gauges, each with a Twitter account",http://www.gaugemap.co.uk/,94,32,ColinWright,12/30/2015 15:11
11302432,Ask HN: Did Comcast just screw me over?,,10,11,dan-silver,3/17/2016 3:39
11804249,Ask HN: Has Dropbox been compromised recently?,,2,1,alrtd82,5/31/2016 2:41
11147223,Petition to support Apple and other manufacturers against backdoors,https://petitions.whitehouse.gov/petition/apple-privacy-petition,5,1,woobar,2/21/2016 23:24
11537720,What Alzheimers Feels Like from the Inside,https://news.ycombinator.com/submit,2,1,dnetesn,4/20/2016 21:00
12274092,"Cloud Atlas 'astonishingly different' in US and UK editions, study finds",https://www.theguardian.com/books/2016/aug/10/cloud-atlas-astonishingly-different-in-us-and-uk-editions-study-finds,18,5,edward,8/12/2016 8:27
11049137,Encrypted libraries leak lots of information in Seafile,https://github.com/haiwen/seafile/issues/350,79,11,networked,2/6/2016 18:56
11271683,JPHP  PHP on the JVM,http://j-php.net/,3,1,eatonphil,3/12/2016 7:08
11565966,"Show HN: 400 ASCII Cows in Docker, the Hard Way",http://blog.alexellis.io/cows-on-docker/,1,1,alexellisuk,4/25/2016 17:53
10308774,Ask HN: Declarative database migrations?,,11,8,beefsack,10/1/2015 2:02
10910652,"100 years ago, American women competed in Venus de Milo competitions",http://www.atlasobscura.com/articles/100-years-ago-american-women-competed-in-serious-venus-de-milo-lookalike-contests,1,1,Amorymeltzer,1/15/2016 17:19
10791763,Open Labware: 3-D Printing Your Own Lab Equipment,http://journals.plos.org/plosbiology/article?id=10.1371%2Fjournal.pbio.1002086,33,2,DiabloD3,12/25/2015 17:52
11006915,UCOP Ordered Spyware Installed on UC Data Networks,http://utotherescue.blogspot.com/2016/01/ucop-ordered-spyware-installed-on-uc.html,329,157,firloop,1/31/2016 16:47
10578278,Ask HN: Want to help make PGP-encrypting all chats effortless?,,5,2,55555,11/17/2015 0:07
10918419,Making heavy elements by colliding neutron stars (2013),http://arstechnica.com/science/2013/07/making-heavy-elements-by-colliding-neutron-stars/,4,1,bootload,1/17/2016 5:29
12452499,Ask HN: What happened to Facebook graph search?,,114,35,_kyran,9/8/2016 12:58
10611504,The Fixed Price of Coca-Cola from 1886 to 1959,https://en.wikipedia.org/wiki/The_fixed_price_of_Coca-Cola_from_1886_to_1959,103,38,dpflan,11/22/2015 21:12
11373435,MicroG Project: A re-implementation of Googles Android apps and libraries,https://microg.org/,123,16,ProfDreamer,3/28/2016 9:58
11970005,Ask HN: Are there any tools to encrypt and store data on Amazon Cloud Drive?,,1,4,codezero,6/24/2016 14:29
10940732,Why FedEx Should Be Scared of Amazon,https://www.linkedin.com/pulse/why-fedex-ups-should-scared-amazon-matthew-hertz,4,1,lumens,1/20/2016 19:38
11081598,Ask HN: Any drawbacks to Sublime Text 3 update?,,7,10,hanniabu,2/11/2016 17:40
10400498,How do you put a price tag on a video game when its the first of its kind?,http://qz.com/524323/how-do-you-put-a-price-on-a-video-game-when-its-the-first-of-its-kind/,2,2,imanewsman,10/16/2015 16:44
10992243,VMware's Stumbling Cloud Adventure,http://chrisdodds.net/blog/vmwares-cloud-adventure,65,39,liquidchicken,1/28/2016 23:07
11196589,MIT EECS Undergraduate Experience Survey,http://eecs-survey.scripts.mit.edu/report/pdf/,5,1,jimsojim,2/29/2016 17:03
11690325,Show HN: Launched.io  Discover the latest startups launched,https://launched.io,1,3,cezarfloroiu,5/13/2016 13:39
10338121,Global nuclear facilities 'at risk' of cyber attack,http://www.bbc.com/news/technology-34423419,40,21,SimplyUseless,10/6/2015 11:33
12353603,Tagschat will change soon,http://www.tagschat.com,1,1,tagschat,8/24/2016 17:21
11331108,Silicon Start up  Play video games for money BETA,http://LuXurn.Com,2,4,LuXurn,3/21/2016 19:31
11061236,Ask HN: Do You Want a Fastlane-centric CI Service?,,1,3,mskierkowski,2/8/2016 22:09
11386215,Uber recruits engineers with coding puzzles during rides,http://www.engadget.com/2016/03/28/uber-code-on-the-road-hacking-challenge/,2,1,adefa,3/30/2016 0:54
11284370,Anonymous FasTrak account,http://goldengate.org/tolls/iwanttoremainanonymous.php,2,2,yegle,3/14/2016 18:04
10616465,Berlin social housing winning the residential race,https://www.thesaturdaypaper.com.au/2015/11/21/berlin-social-housing-winning-the-residential-race/14480244002645,66,68,Mz,11/23/2015 19:00
11782186,4 bit computer built from discrete transistors,https://hackaday.io/project/665-4-bit-computer-built-from-discrete-transistors,91,27,danielam,5/26/2016 22:25
11374909,The Ars review: Oculus Rift expands PC gaming past the monitors edge,http://arstechnica.com/gaming/2016/03/the-ars-review-oculus-rift-expands-pc-gaming-past-the-monitors-edge/,54,6,davidiach,3/28/2016 15:43
10244144,"Ask HN: Can this way we support publishers and readers, and also get rid of ads?",,1,8,techaddict009,9/19/2015 12:54
11955612,"I have found a new way to watch TV, and it changes everything",https://www.washingtonpost.com/news/wonk/wp/2016/06/22/i-have-found-a-new-way-to-watch-tv-and-it-changes-everything/,14,12,6stringmerc,6/22/2016 17:36
12235257,Show HN: Nosy  Imgur for Tinder and texting,https://nosy.chat,4,3,Liron,8/5/2016 19:47
11859221,HuffPo: Violence Against Trump Is Logical,http://www.huffingtonpost.com/jesse-benn/sorry-liberals-a-violent-_b_10316186.html,4,1,zo1,6/8/2016 0:45
10873712,Language support for functions that return multiple values,http://arcanesentiment.blogspot.com/2016/01/many-happy-returns.html?utm_source=feedburner&utm_medium=feed&utm_campaign=Feed:+ArcaneSentiment+(Arcane+Sentiment),26,4,jsnell,1/10/2016 1:30
10959678,C++ Coroutines  a negative overhead abstraction,https://www.youtube.com/watch?v=_fu0gx-xseY,1,1,petke,1/23/2016 19:33
11749745,Tesla Powerwall: Not Just for Solar,http://www.jlconline.com/how-to/electrical/tesla-powerwall-not-just-for-solar_o,1,1,chmaynard,5/22/2016 18:52
10313386,Crossing the river with TLA+,https://lorinhochstein.wordpress.com/2014/06/04/crossing-the-river-with-tla/,12,1,pron,10/1/2015 18:23
12006103,Introduction to asynchronous JavaScript,http://tutorials.pluralsight.com/front-end-javascript/introduction-to-asynchronous-javascript,14,1,prtkgpt,6/30/2016 1:56
10903667,Big Data Term or Star Wars Name?,https://christina68.typeform.com/to/Y4RlzI,5,1,RickDelgado,1/14/2016 19:18
12029411,Rotterdam's floating dairy farm project,https://www.theguardian.com/sustainable-business/2016/jul/04/do-cows-get-seasick-rotterdam-floating-dairy-farm-netherlands,43,33,kawera,7/4/2016 8:12
10802954,Science Fiction Stories with Good Astronomy and Physics: A Topical Index (2014),http://www.astrosociety.org/education/astronomy-resource-guides/science-fiction-stories-with-good-astronomy-physics-a-topical-index/,82,25,hownottowrite,12/28/2015 19:48
11574947,Ask HN: What is the delay field for?,,2,1,daveloyall,4/26/2016 19:42
12207933,Rust on BBC micro:bit,https://github.com/SimonSapin/rust-on-bbc-microbit/blob/master/README.md,206,41,robin_reala,8/2/2016 5:07
10735702,"For the first time, less than 10% of the world is living in extreme poverty",https://www.washingtonpost.com/news/worldviews/wp/2015/10/05/for-the-first-time-less-than-10-percent-of-the-world-is-living-in-extreme-poverty-world-bank-says/,103,56,prostoalex,12/15/2015 3:22
11017911,"Schizophrenia, Hubris and Science",http://blogs.discovermagazine.com/neuroskeptic/2016/02/01/schizophrenia-hubris-science/,27,10,DiabloD3,2/2/2016 6:26
11967637,Bluehost Review  The King of Hosting Services,,1,1,newsorator,6/24/2016 7:52
12010559,A Natural Language User Interface Is Just a User Interface,https://medium.com/@honnibal/a-natural-language-user-interface-is-just-a-user-interface-4a6d898e9721#.2dqs24po6,2,1,snake117,6/30/2016 18:16
11402548,"Regis McKenna's 1976 Notebook and the Invention of Apple Computer, Inc",http://www.fastcompany.com/3058227/regis-mckennas-1976-notebook-and-the-invention-of-apple-computer-inc,69,5,technologizer,4/1/2016 4:11
10558730,Firefox shrinking customization capabilities,https://bugzilla.mozilla.org/show_bug.cgi?id=1222546,2,1,fenesiistvan,11/13/2015 9:02
12486757,"Millennials Don't Care About Owning Cars, and Car Makers Can't Figure Out Why",https://www.fastcoexist.com/3027876/millennials-dont-care-about-owning-cars-and-car-makers-cant-figure-out-why,66,184,amelius,9/13/2016 10:10
10822376,Ask HN: Courses  like Coursera or Udemy but without the videos?,,108,55,rgovind,1/1/2016 17:05
11978781,Spoiled Rotten (2012),http://www.newyorker.com/magazine/2012/07/02/spoiled-rotten,51,30,Rolpa,6/26/2016 0:25
11578869,Macroscopic quantum entanglement achieved at room temperature,http://advances.sciencemag.org/content/1/10/e1501015.full,13,2,Fjolsvith,4/27/2016 9:23
11225090,SeedRamp,http://www.seedramp.com/,200,94,endtwist,3/4/2016 17:05
10963922,"Somebody was on Sulawesi before 118,000 years ago",http://johnhawks.net/weblog/reviews/archaeology/early/indonesia/van-den-burgh-sulawesi-talepu-2016.html,52,2,diodorus,1/24/2016 20:37
11847824,BuzzFeed ends Republican ad deal over 'hazard' Trump,http://www.bbc.com/news/world-us-canada-36462756,8,1,rsanaie,6/6/2016 16:11
12097280,Consumer Reports wants Tesla to disable autopilot,http://www.consumerreports.org/tesla/tesla-autopilot-too-much-autonomy-too-soon/,2,1,Animats,7/14/2016 21:24
12309593,Alibaba Cloud Free Trial,https://intl.aliyun.com/campaign/free-trial,4,1,fitzwatermellow,8/18/2016 0:24
11267694,Ask HN: Is Silicon Valley slowing down?,,4,8,ceallaigh49364,3/11/2016 16:48
10357778,How to get real legitimate feedback on your resume,,2,1,max0563,10/9/2015 2:25
11150848,Does it violate federal export law if a website publishes CAD files of firearms?,http://arstechnica.com/tech-policy/2016/02/does-it-violate-federal-export-law-if-a-website-publishes-cad-files-of-firearms/,11,1,pavornyoh,2/22/2016 14:10
10874294,Viskell: Visual programming meets Haskell,https://github.com/wandernauta/viskell,91,21,bojo,1/10/2016 5:22
12102287,Introducing the worlds first beer brewed by artificial intelligence,http://intelligentx.ai/,2,1,miraj,7/15/2016 16:52
12068051,Support the FSF compliant EOMA68 modular libre computing device,https://www.crowdsupply.com/eoma68/micro-desktop,14,2,berkeleynerd,7/11/2016 0:33
11840415,Ask HN: How to know when you're intermediate level?,,19,5,curiousgal,6/5/2016 11:08
10752020,Ask HN: What search engine do you use?,,1,1,zingplex,12/17/2015 15:33
11674179,MAMBO: A Low-Overhead Dynamic Binary Modification Tool for ARM,https://github.com/beehive-lab/mambo,5,1,ashitlerferad,5/11/2016 11:05
10577175,Ancient Board Game Found in Looted China Tomb,http://www.livescience.com/52808-ancient-board-game-found-in-china-tomb.html,40,11,prismatic,11/16/2015 21:09
11562414,Dark Patterns by the Boston Globe,https://rationalconspiracy.com/2016/04/24/dark-patterns-by-the-boston-globe/,726,317,apsec112,4/25/2016 3:32
11595468,Google CEO: 'Devices' will be things of the past,http://www.usatoday.com/story/tech/news/2016/04/28/google-ceo-predicts-ai-fueled-future/83651232/,6,2,trekkering,4/29/2016 13:14
12405326,Pantsuit: The Hillary Clinton UI Pattern Library,https://medium.com/git-out-the-vote/pantsuit-the-hillary-clinton-ui-pattern-library-238e9bf06b54,41,23,rimunroe,9/1/2016 14:09
11259392,The future of computing: After Moore's law,http://www.economist.com/news/leaders/21694528-era-predictable-improvement-computer-hardware-ending-what-comes-next-future,93,64,martincmartin,3/10/2016 14:35
12235626,Why is Apple so afraid of a little picture of a gun?,http://www.foxnews.com/opinion/2016/08/05/why-is-apple-so-afraid-little-picture-gun.html,1,1,cft,8/5/2016 20:44
11186008,Gitolite's domain was snatched up,http://gitolite.com?oops,3,3,jamestanderson,2/27/2016 3:58
11597692,Sockbin  A service for testing your websockets,http://sockb.in/,2,1,NeonMaster,4/29/2016 18:25
10217555,Federal Court Invalidates Gag Order on National Security Letter Recipient,https://www.calyxinstitute.org/news/federal-court-invalidates-11-year-old-fbi-gag-order-national-security-letter-recipient-nicholas,264,44,jeo1234,9/14/2015 21:23
12255090,"Facebook Blocks Ad Blockers, but It Strives to Make Ads More Relevant",http://www.nytimes.com/2016/08/10/technology/facebook-blocks-ad-blockers-but-it-strives-to-make-pop-ups-more-relevant.html,2,2,jefflinwood,8/9/2016 15:13
11018130,Graphene optical lens 200 nm thick breaks the diffraction limit,http://www.swinburne.edu.au/news/latest-news/2016/01/focus-on-results.php,182,53,srikar,2/2/2016 7:52
12360662,NSO Group's iPhone Zero-Days used against a UAE Human Rights Defender,https://citizenlab.org/2016/08/million-dollar-dissident-iphone-zero-day-nso-group-uae/,1055,241,dropalltables,8/25/2016 17:10
11326384,Brutalist Websites,http://brutalistwebsites.com/,2,1,Dramatize,3/21/2016 5:20
11845755,Show HN: Import Balsamiq Mockups into CanvasFlip using this simple interface,http://canvasflip.com/balsamiq-and-canvasflip-utility-tool.php,1,1,vipul4vb,6/6/2016 10:45
10463943,Shit Linus Says,https://gumroad.com/l/prQdM,3,2,signa11,10/28/2015 12:10
11298778,CodinGame  Become a Better Developer,https://www.codingame.com/ide/39565972565e53b92ba44dd3b43975a35594685,5,2,ot,3/16/2016 16:56
11570174,Intels Contributions to the Windows Bridge for iOS: The Accelerate Framework,https://blogs.windows.com/buildingapps/2016/04/25/intels-contributions-to-the-windows-bridge-for-ios-the-accelerate-framework/,15,5,mnkypete,4/26/2016 8:07
10567561,"Beware of ads that use inaudible sound to link your phone, TV, tablet, and PC",http://arstechnica.com/tech-policy/2015/11/beware-of-ads-that-use-inaudible-sound-to-link-your-phone-tv-tablet-and-pc/,2,1,dmmalam,11/14/2015 22:31
11391813,"To Woo Apple, Foxconn Bets $3.5B on Sharp",http://www.nytimes.com/2016/03/31/business/dealbook/foxconn-sharp.html?_r=0,5,1,biot,3/30/2016 18:39
11521009,GoBGP: BGP Implemented in Go,https://github.com/osrg/gobgp,168,126,ryancox,4/18/2016 16:11
10803812,Dallas Natives Bring Parking into the 21st Century Through ParkHub,http://www.dallasinnovates.com/dallas-natives-bring-parking-into-the-21st-century-through-parkhub/,11,5,PK12,12/28/2015 22:33
11620520,Show HN: Coir for Vimeo - free portfolio website builder,https://coir.io/,1,1,Magnasoma,5/3/2016 13:42
12065645,The Paradox of Disclosure,http://www.nytimes.com/2016/07/10/opinion/sunday/the-paradox-of-disclosure.html,55,14,danso,7/10/2016 14:17
10697994,Show HN: Build one file automatically,https://github.com/hbbio/build,3,3,hbbio,12/8/2015 17:47
11096202,Printing Money,http://www.newyorker.com/magazine/2015/11/23/printing-money-books-john-cassidy,2,1,jgalt212,2/13/2016 23:20
12298678,Show HN: New time and daylight application,https://chronozone.xyz/,150,33,dassreis,8/16/2016 16:45
12290814,"Hyper_, the container-native cloud, is now generally available",https://blog.hyper.sh/hyper-is-generally-available.html,16,2,scprodigy,8/15/2016 14:54
11658212,Check-trustpaths: find and check code signatures in the PGP web of trust,https://gitlab.com/jnxx/check-trustpaths,36,12,jnxx,5/9/2016 7:59
11963899,Sheryl Sandberg on the Myth of the Catty Woman,http://www.nytimes.com/2016/06/23/opinion/sunday/sheryl-sandberg-on-the-myth-of-the-catty-woman.html,2,1,tysone,6/23/2016 20:00
10264437,The Chemistry and Psychology of Turning Water into Wine,http://nautil.us/blog/the-chemistry-and-psychology-of-turning-water-into-wine,20,3,dnetesn,9/23/2015 11:48
11420237,How do you like this site? Need honest feedback,http://www.bridezilla-game.com/,1,2,trufflepiggames,4/4/2016 8:28
11102679,Mondo bank taking Â£1m crowdfunding investment,https://getmondo.co.uk/blog/2016/02/15/invest-in-mondo/,81,67,trstnthms,2/15/2016 11:05
11635300,Apple has killed off support for WebObjects,http://money.cnn.com/2016/05/04/technology/steve-jobs-apple-webobjects/index.html?iid=ob_homepage_tech_pool,3,1,baldfat,5/5/2016 11:57
11655359,Number plate recognition with Tensorflow,https://matthewearl.github.io/2016/05/06/cnn-anpr/,238,43,pizza,5/8/2016 19:26
11759493,Do not move from Mandrill to Sparkpost,https://twitter.com/aytekintank/status/735002971466047488,2,1,aytekin,5/24/2016 7:04
11521285,"Forget Encryption, WhatsApp Is Vulnerable to Phishing Attacks",http://www.nextbigwhat.com/whatsapp-phishing-attacks-297/,3,3,mawalu,4/18/2016 16:48
10254624,The NES that never was. Utilizing the entire NES color palette,http://www.duelinganalogs.com/article/the-nes-that-never-was/,2,1,eflowers,9/21/2015 19:36
11867651,Microsoft has published its own distribution of FreeBSD 10.3,http://www.theregister.co.uk/2016/06/09/microsoft_freebsd/,5,2,bootload,6/9/2016 5:00
10992319,Transfer Image Style -Combining Markov Random Fields and CNN for Image Synthesis,http://arxiv.org/abs/1601.04589,2,1,dionys,1/28/2016 23:19
11865895,AI based personal assistan,https://inbot.io,3,2,adulakis,6/8/2016 21:39
11242986,React v15.0 Release Candidate,https://facebook.github.io/react/blog/2016/03/07/react-v15-rc1.html,28,4,taejavu,3/8/2016 1:20
10221707,A Hello World Server in Python,https://camo.githubusercontent.com/e56234bd7f5ccb5768978d3f23eb94c1d15430ed/68747470733a2f2f7261772e6769746875622e636f6d2f74696d6f74687963726f736c65792f6875672f646576656c6f702f6578616d706c652e676966,4,1,timothycrosley,9/15/2015 16:59
11918576,Stanford University Confirms Democratic Election Fraud,http://yournewswire.com/stanford-university-confirm-democratic-election-fraud/,25,5,eamann,6/16/2016 20:15
12425720,Amazon and Wells Fargo part ways on private student loan deal,https://www.washingtonpost.com/news/grade-point/wp/2016/08/31/amazon-and-wells-fargo-part-ways-on-private-student-loan-deal/,36,7,e15ctr0n,9/4/2016 17:54
10310628,Is Your Financial Adviser Making Money Off Your Bad Investments?,http://mobile.nytimes.com/2015/09/30/opinion/is-your-financial-adviser-making-money-off-your-bad-investments.html?referer=,37,49,colinprince,10/1/2015 12:21
12021044,"Protect yourself from spam, bots and phishing  disposable email",http://die.life?x=3,4,2,code2crud,7/2/2016 2:04
11422012,Microsoft embraces Linux  way too late,http://www.infoworld.com/article/3050845/microsoft-windows/microsoft-embraces-linux-way-too-late.html,2,1,alxsanchez,4/4/2016 14:17
12287819,"The FCC Can't Save Community Broadband, But We Can",https://www.eff.org/deeplinks/2016/08/community-broadband-and-fcc-net-neutrality-still-begins-home,95,45,dwaxe,8/14/2016 23:36
10935321,Execute BASIC Programs in Minecraft,http://www.gamnesia.com/news/a-fan-has-developed-a-way-to-write-and-execute-basic-programs-in-minecraft,48,12,SteBu,1/20/2016 0:58
10390961,Entrepreneur claims to have undergone renegade anti-aging gene therapy,http://www.technologyreview.com/news/542371/a-tale-of-do-it-yourself-gene-therapy/,5,1,rfjedwards,10/15/2015 2:24
11288113,Google Cloud shell Command injection,http://www.pranav-venkat.com/2016/03/command-injection-which-got-me-6000.html,3,1,cujanovic,3/15/2016 7:47
11604373,Only One of Six Air Force F-35s Could Actually Take Off During Testing,http://fortune.com/2016/04/28/f-35-fails-testing-air-force/,9,1,pohl,5/1/2016 0:48
10794951,AWS mistakes to avoid,https://cloudonaut.io/5-aws-mistakes-you-should-avoid/,538,261,hellomichibye,12/26/2015 19:28
11490811,Ask HN: How do I learn JavaScript after using it for years,,1,4,Zyst,4/13/2016 18:20
10183238,Why we should stop Facebook building an AI,http://www.forbes.com/sites/theopriestley/2015/09/07/musk-and-hawking-are-wrong-we-should-fear-facebook-building-an-artificial-intelligence/,2,5,judgementday,9/7/2015 21:56
11404760,Ask HN: Do you have a personal copy of CV?,,3,4,mapcars,4/1/2016 13:56
11334412,Looking up cache missing on Google Images shows photos of Hillary Clinton,https://www.google.com/search?site=&tbm=isch&source=hp&biw=960&bih=1101&q=cache+missing&oq=cache+missing&gs_l=img.3..0i24j0i10i24.4019.5387.0.5531.13.13.0.0.0.0.182.1252.6j6.12.0....0...1ac.1.64.img..1.12.1249.XsGH954uxD4,6,3,verandaguy,3/22/2016 4:22
10319564,"LibreSSL, and the new libtls API",http://www.openbsd.org/papers/libtls-fsec-2015/mgp00001.html,185,67,glass-,10/2/2015 16:36
12022855,Programmer,,2,3,matsemela,7/2/2016 15:24
12518762,Apple sends survey over headphone jack to MacBook Pro users,https://9to5mac.com/2016/09/14/headphone-jack-removed-from-macbook-pro/,3,2,bootload,9/17/2016 2:15
12286883,Ask HN: Ever launched a failed desktop app?,,9,3,vram22,8/14/2016 19:15
10510512,FastMail acquires Pobox and Listbox,http://blog.fastmail.com/2015/11/03/fastmail-acquires-pobox-and-listbox/,76,21,dgurv,11/4/2015 23:17
11649142,A list of command line tools for manipulating structured text data,https://github.com/dbohdan/structured-text-tools,177,55,networked,5/7/2016 11:09
12002335,Books to Prepare Programming/Coding Interviews,http://javarevisited.blogspot.com/2016/06/top-5-books-for-programming-coding-interviews-best.html,7,1,javinpaul,6/29/2016 15:38
12079160,#HugOps: A culture of empathy,https://www.pagerduty.com/blog/hugops-in-practice/,1,1,grep4master,7/12/2016 14:19
10213103,The Next Genocide,http://www.nytimes.com/2015/09/13/opinion/sunday/the-next-genocide.html,2,1,xiler,9/13/2015 23:19
12331378,A History of Dark Matter,https://arxiv.org/abs/1605.04909,28,1,maverick_iceman,8/21/2016 16:09
11753959,"Why is Haskell seldom used, despite being considered a wonderful language?",https://www.quora.com/Why-is-Haskell-considered-such-a-nice-and-great-language-yet-is-not-being-used/answer/Justin-Leitgeb-1?srid=uEb5&amp;share=1,2,5,jsl,5/23/2016 14:14
11466373,'Data Selfie' App Shows You Exactly Who Facebook Thinks You Are,http://motherboard.vice.com/read/data-selfie-app-shows-you-exactly-who-facebook-thinks-you-are,2,1,Gys,4/10/2016 14:57
10426934,From Email Introductions to Addressing Diversity Challenges in Tech,https://medium.com/@natalielchan/from-email-introductions-to-addressing-diversity-challenges-in-tech-23f96d19de63?source=hn-120209531b9c-1445440825370,18,1,davemorro,10/21/2015 17:26
11138242,Why Our Intuition About Sea-Level Rise Is Wrong,http://nautil.us/issue/33/attraction/why-our-intuition-about-sea_level-rise-is-wrong,111,26,dnetesn,2/20/2016 1:47
10203207,Can your tests survive the coming mutant apocalypse?,http://www.bobbylough.com/2015/06/can-your-tests-survive-coming-mutant.html,3,2,hibobbo,9/11/2015 12:17
10406370,Ask HN: Freelancers outside US and EU. How do you find quality clients?,,2,1,maouida,10/17/2015 22:15
10256419,Fukushima,http://www.podniesinski.pl/portal/fukushima/,404,211,JoshGlazebrook,9/22/2015 3:01
12201765,13.3 inch Android e-reader,https://www.indiegogo.com/projects/13-3-inch-android-e-reader#/,2,2,chrsw,8/1/2016 12:17
10516649,Mysterious electric car maker Faraday Future will spend $1B on a US factory,http://www.theverge.com/2015/11/5/9674314/faraday-future-electric-car-1-billion-factory,3,1,kirk21,11/5/2015 22:41
11485876,A good idea with bad usage: /dev/urandom,http://insanecoding.blogspot.com/2014/05/a-good-idea-with-bad-usage-devurandom.html,10,1,beefhash,4/13/2016 5:04
11769251,WikiLeaks releases Trade in Services Agreement (TiSA) documents,https://wikileaks.org/tisa/,146,18,styx31,5/25/2016 12:25
12172438,Mercedes-Benz shows off the first fully electric heavy urban transport truck,https://techcrunch.com/2016/07/27/mercedes-benz-shows-off-the-first-fully-electric-heavy-urban-transport-truck/,268,197,felixbraun,7/27/2016 13:14
10561740,Ask HN: Are unicode symbols allowed in domain names?,,1,2,shade23,11/13/2015 19:07
12277688,Ask HN: Why no regex AND?,,3,11,_acme,8/12/2016 18:23
10427606,Ubuntus path to convergence,http://insights.ubuntu.com/2015/10/20/ubuntus-path-to-convergence,1,1,smacktoward,10/21/2015 18:45
11054334,"Show HN: Tracing You, a website that tries to see where its visitors are",http://tracingyou.bengrosser.com,65,16,forgetcolor,2/7/2016 19:26
12475590,This software startup can tell your boss if youre looking for a job,https://www.washingtonpost.com/news/on-leadership/wp/2016/09/06/this-software-startup-can-tell-your-boss-if-youre-looking-for-a-job-2/,22,9,protomyth,9/11/2016 20:41
11185298,"San Francisco Wants Homeless to Leave Tent Camp, but Some Vow to Fight",http://www.nytimes.com/2016/02/27/us/san-francisco-wants-homeless-to-leave-tent-camp-but-some-vow-to-fight.html,5,1,NearAP,2/27/2016 0:08
11114986,Show HN: Show HN Chat,https://discord.gg/0piovD3zkjwdotzl,9,3,olalonde,2/17/2016 3:14
10487290,Show HN: My failed-wannabe-saas-startup project Beyondpad going open source,https://github.com/artursgirons/beyondpad,51,15,dzjosjusuns,11/1/2015 17:52
10713027,The Best Time of the Year to Trick Your Psychology into Success,https://www.linkedin.com/pulse/best-time-year-trick-your-psychology-success-sidar-ok,2,3,sidarok,12/10/2015 20:03
10581768,Kit.com  Products Recommended by People Who Know,http://blog.kit.com/introducing-kit/,16,3,EGF,11/17/2015 15:45
11748918,[systemd-devel] [ANNOUNCE] systemd v230,https://lists.freedesktop.org/archives/systemd-devel/2016-May/036583.html,2,1,protomyth,5/22/2016 15:27
10975741,Stop listening to music while you work,http://finance.yahoo.com/news/neuroscientist-shares-10-minute-trick-182900218.html,5,4,indus,1/26/2016 20:24
11845770,Safe VSP  30 year old Commodore 64 bug demystified (2013),http://www.linusakesson.net/scene/safevsp/index.php,265,22,qmr,6/6/2016 10:49
10339854,Preview of BlackBerry's Android-powered Priv,http://www.cnet.com/products/blackberry-priv/,2,1,HarnishS,10/6/2015 16:04
12132902,Turkish government revokes ham radio licenses,http://yaesuft817.com/wp/turkey-gouvernement-revokes-19201-ham-radio-licenses/,216,130,lightlyused,7/20/2016 22:08
12369365,Show HN: How to annoy a Web Developer,,3,2,omidfi,8/26/2016 21:16
12545974,The Invisible American,http://www.gallup.com/opinion/chairman/195680/invisible-american.aspx,90,103,randomname2,9/21/2016 6:57
11421352,The Panama Papers: how the worlds rich and famous hide their money offshore,http://www.theguardian.com/news/2016/apr/03/the-panama-papers-how-the-worlds-rich-and-famous-hide-their-money-offshore,385,141,petethomas,4/4/2016 12:34
11733555,Plus Uno (hard puzzle),http://marioqwe.github.io/,6,1,nebuler,5/19/2016 20:31
12541574,Firefox 49 released,http://venturebeat.com/2016/09/20/firefox-49-arrives-with-reader-mode-improvements-offline-viewing-on-android-and-removes-firefox-hello/,16,6,bhaile,9/20/2016 17:53
10800942,Becoming fully reactive: an explanation of Mobservable,https://medium.com/@mweststrate/becoming-fully-reactive-an-in-depth-explanation-of-mobservable-55995262a254#.h1ihbtorr,27,2,mweststrate,12/28/2015 13:05
11404324,The Superiority of Alternative Operators,https://medium.com/@JonathanBeard/the-superiority-of-over-2eeae6c122a1#.v25re1i1x,5,1,jcbeard,4/1/2016 12:38
10974803,Feynmans Derivation of the SchrÃ¶dinger Equation,http://fermatslibrary.com/s/feynmans-derivation-of-the-schrodinger-equation,153,40,luisb,1/26/2016 18:07
12044749,Snapchat is moving further and further away from disappearing messages,http://www.recode.net/2016/7/6/12107502/snapchat-memories-new-product-launch,2,1,taylorbuley,7/6/2016 17:55
12052024,Running Is Always Blind,http://m.nautil.us/issue/38/noise/running-is-always-blind,49,13,brahmwg,7/7/2016 20:57
12111463,Two big sunspots are staring directly at Earth,http://spaceweathergallery.com/indiv_upload.php?upload_id=127438,5,4,ohjeez,7/17/2016 19:44
10429777,Tesla: Why do car buffs dislike it but nerds love it?,http://www.slate.com/blogs/quora/2015/10/11/tesla_why_do_car_buffs_dislike_it_but_nerds_love_it.html?wpisrc=obinsite,4,2,jseliger,10/22/2015 0:29
11825452,Google censoring search autocomplete results for crooked hillary,https://www.reddit.com/r/The_Donald/comments/4m7x18/looks_like_someone_had_a_chat_with_google_recently/,13,3,ddorian43,6/2/2016 19:41
10714505,First language influences brain for later language-learning,http://www.mcgill.ca/newsroom/channels/news/first-language-wires-brain-later-language-learning-257068,64,23,DrScump,12/10/2015 23:46
11649068,Ask HN: Any free/open source simple employee time tracking software?,,2,1,techaddict009,5/7/2016 10:30
11635089,Cupertino's mayor: Apple 'abuses us' by not paying taxes,https://www.theguardian.com/technology/2016/may/05/apple-taxes-cupertino-mayor-infrastructure-plan,169,154,Libertatea,5/5/2016 11:03
11104124,NASA Space Tourism Posters,http://www.jpl.nasa.gov/news/news.php?feature=5052,92,25,dpeck,2/15/2016 16:18
10627787,The Yale Problem Begins in High School,http://heterodoxacademy.org/2015/11/24/the-yale-problem-begins-in-high-school/,525,491,frostmatthew,11/25/2015 16:01
10962893,Can golang beat perl on regex performance?,http://crypticjags.com/golang/can-golang-beat-perl-on-regex-performance.html,8,2,jagadishg,1/24/2016 16:13
10736611,Ask HN: Where did you learn about stock market/startup economics?,,4,3,zuck9,12/15/2015 8:30
11300406,Google shares software network load balancer design powering GCP networking,https://cloudplatform.googleblog.com/2016/03/Google-shares-software-network-load-balancer-design-powering-GCP-networking.html?m=1,286,57,rey12rey,3/16/2016 20:26
11999009,Ask HN: Examples of unreliable software you are forced to use,,5,3,vdfs,6/29/2016 1:54
10670956,SyncPhone: 5.4 Windows 10 pro phone  run proper windows programs,https://www.indiegogo.com/projects/syncphone-uniting-the-pc-and-smartphone#/,2,1,richardboegli,12/3/2015 17:29
11842120,[dns-operations] Quick DNS Report from Behind the Great Firewall of China,https://lists.dns-oarc.net/pipermail/dns-operations/2016-June/014962.html,3,2,r4um,6/5/2016 17:51
11371976,"Liberty, an npm alternative. Written in Go",https://github.com/liberty-org/cli/,2,1,springmissile,3/27/2016 23:31
10718895,Startup Acadine picks up the torch for troubled Firefox OS,http://www.cnet.com/news/startup-acadine-picks-up-the-torch-for-mozillas-troubled-firefox-os/,30,6,cpeterso,12/11/2015 18:31
10485675,Darpa's ElectRx Project: neuromodulation of organs to help body heal (2014),http://www.darpa.mil/news-events/2014-08-26,20,2,raspasov,11/1/2015 6:55
10522631,GNU Artanis: A web framework for Guile Scheme,https://groups.google.com/forum/#!topic/szdiy/YCagR9OSgI8,127,24,nalaginrut,11/6/2015 23:01
12100796,Ask HN: Military to tech jobs,,10,20,boniface316,7/15/2016 13:34
10464955,Why Single-Tasking Is Your Greatest Competitive Advantage,https://blog.todoist.com/2015/09/01/why-single-tasking-is-your-greatest-competitive-advantage-plus-19-ways-to-actually-do-it/,1,1,alanwill,10/28/2015 15:27
11560526,Show HN: A HN desktop app for reading links and comments next to each other,https://florian.github.io/HNClient/,54,15,t3nary,4/24/2016 17:30
11340911,WeChat is building a Slack killer,https://www.techinasia.com/wechat-slack-work-office-chat,5,2,ALee,3/22/2016 23:51
11608587,Barbie challenges the 'white saviour complex',http://www.bbc.com/news/world-africa-36132482,2,1,sea6ear,5/2/2016 0:49
12040686,Thieves Go High-Tech to Steal Cars,http://www.wsj.com/articles/thieves-go-high-tech-to-steal-cars-1467744606,8,3,terryauerbach,7/6/2016 1:32
10660980,Go for the Holy Grail,http://statspotting.com/go-for-the-holy-grail/,1,1,npguy,12/2/2015 4:34
11082942,A New Way to Conduct Real-Time User Research,http://blog.launchdarkly.com/the-new-way-to-conduct-real-time-user-research/,13,2,mrmch,2/11/2016 20:27
10365455,The assault on the pie chart,http://priceonomics.com/should-you-ever-use-a-pie-chart/,55,25,sonabinu,10/10/2015 13:35
10203953,Destroying Apples Legacy,http://cheerfulsw.com/2015/destroying-apples-legacy/,190,133,milen,9/11/2015 14:49
11824668,Many users are claiming TeamViewer has been hacked,https://www.reddit.com/r/technology/comments/4m7ay6/teamviewer_has_been_hacked_they_are_denying/,56,7,zxcvcxz,6/2/2016 18:03
11129385,Brave Entertainments: On Samuel Pepys,http://jhiblog.org/2016/02/17/brave-entertainments/,9,3,pepys,2/18/2016 21:15
10509918,Data Mining Reveals the Extent of Chinas Ghost Cities,http://www.technologyreview.com/view/543121/data-mining-reveals-the-extent-of-chinas-ghost-cities/,2,1,mgalka,11/4/2015 21:29
11348277,Adopting RxJava on the Airbnb App,https://realm.io/news/kau-felipe-lima-adopting-rxjava-airbnb-android/,47,11,astigsen,3/23/2016 21:10
11202264,Zer0: addictive Web number-game like 2048 between two news from HN ^^,http://zer0.io/,12,5,ChaosVision,3/1/2016 12:58
12264739,How to bring science publishing into the 21st century,http://blogs.scientificamerican.com/guest-blog/how-to-bring-science-publishing-into-the-21st-century/?WT.mc_id=SA_TW_ARTC_BLOG,50,26,dban,8/10/2016 21:03
10844857,Is Pre-K All Its Cracked Up to Be?,https://fivethirtyeight.com/features/is-pre-k-all-its-cracked-up-to-be/,2,1,tokenadult,1/5/2016 18:11
10687808,"Show HN: Hacker News, by the numbers",http://arnauddri.github.io/hn/,9,1,arnauddri,12/7/2015 3:03
11306646,ProtonMail is Open Source (2015),https://protonmail.com/blog/protonmail-open-source/,2,1,nikolay,3/17/2016 18:55
10927830,AppleTV fitness app Using Siri remote to Track your Reps,https://medium.com/@ethanyfan/trackmyfitness-the-only-apple-tv-fitness-app-that-track-your-reps-a0cbb341ac7e#.1saxap93o,1,1,coolioxlr,1/18/2016 23:38
11636684,Three and a Tree: A book about educational marketing cliches,http://threeandatree.com/,2,1,avs733,5/5/2016 15:01
10336269,Using Encryption and Authentication Correctly,https://paragonie.com/blog/2015/05/using-encryption-and-authentication-correctly,1,1,paragon_init,10/6/2015 1:37
11724540,Firebase expands to become a unified app platform,https://firebase.googleblog.com/2016/05/firebase-expands-to-become-unified-app-platform.html,530,204,Nemant,5/18/2016 18:38
10186513,Show HN: WhatsHelp.io  Zendesk and Intercom for WhatsApp Messenger,http://whatshelp.io/,3,2,RazTerr,9/8/2015 16:06
12326486,Troll Targets Say Twitters New Filters Don't Go Far Enough,http://www.wired.com/2016/08/troll-targets-say-twitters-new-filters-dont-go-far-enough/,1,1,r721,8/20/2016 13:28
11885334,"Yachts, jets and stacks of cash: super-rich discover risks of Instagram snaps",https://www.theguardian.com/technology/2016/apr/03/super-rich-discover-hidden-risks-instagram-yachts-jets,1,1,edward,6/11/2016 21:07
12281972,The cosmological constant problem (1989) [pdf],https://www.itp.kit.edu/~schreck/general_relativity_seminar/The_cosmological_constant_problem.pdf,27,1,maverick_iceman,8/13/2016 16:14
10768390,"Why Is So Much Reported Science Wrong, and What Can Fix That?",http://alumni.berkeley.edu/california-magazine/winter-2015-breaking-news/giving-credence-why-so-much-reported-science-wrong-and,109,52,tokenadult,12/20/2015 21:38
11384318,Snapchat for your tweets,https://yuvaj.typeform.com/to/DEDKoS,1,2,yuvrajp,3/29/2016 19:47
11998269,Microsoft backs off click-the-X trick in Windows 10 upgrade pitch,http://www.computerworld.com/article/3089438/microsoft-windows/microsoft-backs-off-click-the-x-trick-in-windows-10-upgrade-pitch.html,3,1,ourmandave,6/28/2016 23:01
12013795,Truck driver invents new tires that let you drive sideways,http://www.cnbc.com/2016/06/30/truck-driver-invents-new-tires-that-let-you-drive-sideways.html,6,3,Fjolsvith,7/1/2016 4:01
10653405,2.5M men 'have no close friends',http://www.telegraph.co.uk/men/active/mens-health/11996473/2.5-million-men-have-no-close-friends.html,33,10,McKittrick,12/1/2015 2:52
10791191,"A Silicon Valley for Drones, in North Dakota",http://www.nytimes.com/2015/12/26/technology/a-silicon-valley-for-drones-in-north-dakota.html,64,30,kloncks,12/25/2015 13:40
10195124,Dear 4bby: What to Do with My Technology,,4,8,ConfusedInPalo,9/9/2015 22:38
10361485,When Amazon Dies,http://www.theatlantic.com/technology/archive/2015/10/when-amazon-dies/409387?single_page=true,3,1,pmcpinto,10/9/2015 16:57
12488789,Soaring Student Debt Prompts Calls for Relief,http://www.wsj.com/articles/soaring-student-debt-prompts-calls-for-relief-1473759003?mod=pls_whats_news_us_business_f,106,516,jstreebin,9/13/2016 14:55
11637885,STEM: Still No Shortage,https://medium.com/i-m-h-o/stem-still-no-shortage-c6f6eed505c1#.gyz2wb2g3,14,3,Futurebot,5/5/2016 17:06
11457376,Ask HN: Setting to ignore /node_modules with find and grep,,2,1,ereckers,4/8/2016 19:49
11286059,Lexis  a programming exam invigilation system for Linux (2001) [pdf],http://pubs.doc.ic.ac.uk/Lexis/Lexis.pdf,1,1,khushia,3/14/2016 22:35
11280267,Voters deliver a message for Germanys Angela Merkel: No more migrants,https://www.washingtonpost.com/world/europe/voters-deliver-a-message-for-germanys-angela-merkel-no-more-migrants/2016/03/13/e0215ce0-e954-11e5-a9ce-681055c7a05f_story.html,24,10,ZoeZoeBee,3/14/2016 0:49
10997621,Jailbreak firmware turns cheap digital walkie-talkie into DMR scanning receiver,http://phasenoise.livejournal.com/1142.html,155,32,wolframio,1/29/2016 19:06
11533323,Show HN: GitHub Reviews  Reviews for Popular GitHub Repositories,https://githubreviews.com/?ref=hn,7,8,plurch,4/20/2016 10:14
12358889,New camera uses just 1 photon per pixel,http://sciencebulletin.org/archives/4615.html,1,1,upen,8/25/2016 13:42
11463434,Congratulations Youve Been Fired,http://mobile.nytimes.com/2016/04/10/opinion/sunday/congratulations-youve-been-fired.html?smid=tw-share&referer=https://t.co/GST3iLv3Zn,679,429,dcschelt,4/9/2016 21:28
10362182,Climate scientists write tentatively; their opponents are certain theyre wrong,http://arstechnica.com/science/2015/10/climate-scientists-are-tentative-their-opponents-are-certain-theyre-wrong/,4,1,sprucely,10/9/2015 18:12
10986660,"Ask HN: SSL is free now, why domain names are not",,5,9,tuyguntn,1/28/2016 6:20
12282293,Venture Deals: Be Smarter Than Your Lawyer and Venture Capitalist,http://www.aioptify.com/top-startups-and-entrepreneurship-books.php?utm_source=hn&utm_medium=cpm&utm_campaign=topbooks,2,1,jahan,8/13/2016 17:40
10787515,Hotelling's law,https://en.wikipedia.org/wiki/Hotelling%27s_law,57,35,xoher,12/24/2015 8:07
10340737,Flux Challenge,https://github.com/staltz/flux-challenge,285,52,staltz,10/6/2015 17:38
11550568,Hillary PAC Spends $1M to Correct Commenters on Reddit and Facebook,http://www.thedailybeast.com/articles/2016/04/21/hillary-pac-spends-1-million-to-correct-commenters-on-reddit-and-facebook.html,101,59,kushti,4/22/2016 16:55
12131035,Why SoftBank is paying $32B for ARM Holdings,http://www.cringely.com/2016/07/18/softbank-paying-32-billion-arm-holdings/,4,1,evo_9,7/20/2016 17:55
11587546,Rainy with a chance of upgrade,https://www.theguardian.com/technology/2016/apr/28/windows-10-is-now-ruining-weather-forecasts,4,2,YeGoblynQueenne,4/28/2016 9:49
12345855,"Ask HN: Outside of SV, is age discrimination in IT common?",,10,5,04rob,8/23/2016 17:58
10657362,How to create a calculator application with Ionic framework,http://tutorials.pluralsight.com/review/how-to-create-a-calculator-application-with-ionic-framework-by-using-ionic-creator-for-ui/article.md,15,2,ionicabizau,12/1/2015 17:55
11245632,December 2015  the warmest month since 1880 (NOAA report),https://www.ncdc.noaa.gov/sotc/global/201513,2,1,jrslv,3/8/2016 15:08
10690177,Whats in a web browser,https://medium.com/@camaelon/what-s-in-a-web-browser-83793b51df6c,76,3,ismavis,12/7/2015 15:59
10869028,Qubes OS: Towards Secure and Trustworthy Personal Computing [pdf],https://hyperelliptic.org/PSC/slides/psc2015_qubesos.pdf,3,1,transpute,1/8/2016 23:16
11814830,Ask HN: Who wants to be hired? (June 2016),,137,250,whoishiring,6/1/2016 15:01
10369271,Inequality will kill us before the robots do,https://medium.com/@hajak/inequality-will-kill-us-before-the-robots-do-1f969646e348,1,1,hajak,10/11/2015 14:06
11919012,E-Go Personal Plane Fits in Your Garage,http://www.seeker.com/personal-plane-folds-up-fits-in-your-garage-1860685909.html,19,5,prostoalex,6/16/2016 21:27
12234468,Qrawd is Snapchat for events,,4,2,nurohj,8/5/2016 18:01
10289780,Show HN: Resume Reviewers - Get Your Resume Reviewed by Real People for Free,http://resumereviewers.com,2,4,max0563,9/28/2015 11:02
11015950,Scammers and Spammers: Inside Online Dating's Sex Bot Con Job,http://www.rollingstone.com/culture/features/scammers-and-spammers-inside-online-datings-sex-bot-con-job-20160201,5,1,nols,2/1/2016 22:09
10538960,Nanocubes: Fast visualization of large spatiotemporal datasets,http://www.nanocubes.net,31,10,orbifold,11/10/2015 12:46
11856030,How to ace a hackathon application,https://medium.com/@hackthenorth/how-to-ace-a-hackathon-application-88bd76730967#.4ic3ca6by,5,1,srcreigh,6/7/2016 17:30
10312208,The real reason everyone hates Chinese rich kids,http://www.bloomberg.com/news/features/2015-10-01/children-of-the-yuan-percent-everyone-hates-china-s-rich-kids,3,1,AndriusWSR,10/1/2015 16:14
10314708,What advice would you give?,http://jthoyer.wordpress.com,1,1,jthoyer,10/1/2015 21:04
10573222,PEZY announces new MIPS64-based green supercomputers using 4096 nodes,http://blog.imgtec.com/mips-processors/pezy-licenses-mips-for-green-supercomputing,15,4,alexvoica,11/16/2015 8:17
10545752,TensorFlow Benchmarks,https://github.com/soumith/convnet-benchmarks/issues/66,98,55,sherjilozair,11/11/2015 9:52
11380296,McCann Japan hires first artificially intelligent creative director,http://www.thedrum.com/news/2016/03/29/mccann-japan-hires-first-artificially-intelligent-creative-director,2,1,ghosh,3/29/2016 8:58
10579370,How Early Exit Disease Stunts the Growth of Midwest Startup Communities,http://techcrunch.com/2015/11/16/how-early-exit-disease-stunts-the-growth-of-midwest-startup-communities/,58,51,mtviewdave,11/17/2015 5:43
11279592,Ask HN: Is meteor.js still a thing?,,6,11,adius,3/13/2016 22:09
11073980,The Alpha has no GUI,https://medium.com/@dsterry/the-alpha-has-no-gui-4ede9de21312#.i9q9srhbu,1,1,dsterry,2/10/2016 16:46
10521042,Police Emails About Ahmed Mohamed: 'This Is What Happens When We Screw Up',http://motherboard.vice.com/read/police-emails-about-ahmed-mohamed-this-is-what-happens-when-we-screw-up,8,2,us0r,11/6/2015 18:29
10620457,Young 'to be poorer than parents at every stage of life',http://www.bbc.com/news/business-34858997,129,229,kevindeasis,11/24/2015 13:12
10342737,"Chrome reportedly bypassing Adblock, forces users to watch full-length video ads",http://www.neowin.net/news/google-chrome-reportedly-bypassing-adblock-forces-users-to-watch-full-length-video-ads,3,1,SimplyUseless,10/6/2015 22:05
11513708,Game Oldies: Play Retro Games Online,http://game-oldies.com/,5,1,doppp,4/17/2016 6:22
11527869,Data Scientists Automated and Unemployed by 2025,http://www.datasciencecentral.com/profiles/blogs/data-scientists-automated-and-unemployed-by-2025,17,1,vincentg64,4/19/2016 16:01
11477823,Apply HN: Wantobuy  Post items you want so sellers can sell them to you,,41,30,ryderj,4/12/2016 7:37
11102502,The 10 Day Metric Week,http://zapatopi.net/metrictime/week.html,2,1,noja,2/15/2016 10:03
10789259,Show HN: Paralyze  a go package that simplifies parallelization,https://github.com/i/paralyze,16,4,ilozinski,12/24/2015 19:10
10691528,The era of distrust and disloyalty,http://www.gerrymcgovern.com/new-thinking/era-distrust-and-disloyalty,72,46,joeyespo,12/7/2015 18:38
11563714,Chart.js 2.0 Released,http://www.chartjs.org/,332,75,etimberg,4/25/2016 12:16
11810403,AMD Prices 3-D Tech to Spur Virtual Reality Market - $199,http://www.wsj.com/articles/amd-prices-3-d-cards-to-spur-virtual-reality-market-1464725394,6,5,dbcooper,5/31/2016 21:26
10994676,NayuOS  Chromebooks without Google,http://www.nexedi.com/blog/NXD-Document.Blog.Nayu.Os.Introduction,120,49,frequent,1/29/2016 11:45
10458290,Apple TV is a rethinking of users relationship with hardware and games,http://www.polygon.com/features/2015/10/26/9604068/apple-tv-app-size-limit-technology-slicing-tags-200-mb,38,53,aaronbrethorst,10/27/2015 14:48
11513980,InKin Social Fitness Is Now In You Pocket,https://www.inkin.com/blog/en/inKin-Has-Gone-Mobile--Download-Our-iOS-And-Android-Apps-Today,2,1,zaruiamvi,4/17/2016 9:30
10844506,How I learned to stop worrying and love the cubicle,http://forrestbrazeal.com/2015/07/13/how-i-learned-to-stop-worrying-and-love-the-cubicle/,79,74,forrestbrazeal,1/5/2016 17:23
10675653,World air pollution map,https://air.plumelabs.com/,82,29,gnocchi,12/4/2015 11:06
10374022,Embed Linkedin profile page to see who visited your website,http://audiencestack.com/static/blog-hack-linkedin-to-view-website-visitors.html,137,74,alanorourke,10/12/2015 12:23
10655741,Ask HN: Freelancer? Seeking freelancer? (December 2015),,41,93,whoishiring,12/1/2015 15:00
11680561,Apple R&D Reveals a Pivot Is Coming,http://www.aboveavalon.com/notes/2016/5/11/apple-rd-reveals-a-pivot-is-coming,280,262,rstocker99,5/12/2016 0:49
10540875,What Valve got right and wrong with the Steam Machine,http://www.polygon.com/2015/10/15/9536047/steam-machine-alienware-hands-on-video,63,68,bpierre,11/10/2015 17:43
10458863,More Ways to Wi-Fi with the New ASUS OnHub,https://googleblog.blogspot.com/2015/10/more-ways-to-wi-fi-with-new-asus-onhub.html,48,39,zacharytamas,10/27/2015 16:01
11592487,Are Historys Greatest Philosophers All That Great?,http://dailynous.com/2016/04/26/were-historys-so-called-greatest-philosophers-all-that-great/,78,66,diodorus,4/28/2016 22:57
10488065,Building RSpec with Fix,https://medium.com/@cyri_/building-rspec-with-fix-bb2feb240bd3,2,1,cyr__,11/1/2015 20:28
11975538,My Four Months as a Private Prison Guard,http://motherjones.com/politics/2016/06/cca-private-prisons-corrections-corporation-inmates-investigation-bauer,28,1,benjaminfox,6/25/2016 7:09
12063566,Performance Comparison of JavaScript Frameworks,http://www.stefankrause.net/js-frameworks-benchmark2/webdriver-java/table.html,112,54,etimberg,7/9/2016 22:11
10276512,"Unlimited vacation, it seems, encouraged employees Not to go on vacation",http://www.fastcompany.com/3051537/fast-feed/kickstarter-nixes-unlimited-vacation-time-for-employees,10,6,alvinktai,9/25/2015 5:29
10413254,Parkinson's patients 'walk and talk again' after receiving cancer drug in trial,http://www.independent.co.uk/life-style/health-and-families/health-news/parkinsons-patients-given-new-lease-of-life-after-receiving-cancer-drug-in-trial-a6699031.html,112,37,AndrewDucker,10/19/2015 14:53
11562922,A Private Air Force Would Require More Than Two Planes,http://exolymph.com/2016/04/25/a-private-air-force-would-require-more-than-two-planes/,1,1,exolymph,4/25/2016 7:30
10515189,Telidon: Early 1980s Net Artists,http://motherboard.vice.com/read/the-original-net-artists,29,4,dang,11/5/2015 18:30
11474570,React Router is dead. Long live rrtr,https://medium.com/@taion/react-router-is-dead-long-live-rrtr-d229ca30e318#.djr4dzu0z,2,1,DanitaBaires,4/11/2016 19:51
10275235,Evernote stumbles into Markdown,https://discussion.evernote.com/topic/88677-evernote-for-mac-62-beta-1-released/page-2#entry379209,2,1,dustinfarris,9/24/2015 22:33
10850410,Two Brothers Making Millions Off the Refugee Crisis in Scandinavia,http://www.bloomberg.com/features/2016-norway-refugee-crisis-profiteers/,117,102,rmxt,1/6/2016 13:43
10213501,Evidence for Person-To-Person Transmission of Alzheimer's Pathology,http://www.scientificamerican.com/article/evidence-for-person-to-person-transmission-of-alzheimer-s-pathology/,69,16,primroot,9/14/2015 3:03
12538100,We need your feedback for a new mobile app to review restaurants,http://pikniko.co,1,1,blogmylunch,9/20/2016 9:02
12227420,Rio's disaster is an extreme version of what happens to Olympic host cities,https://www.thenation.com/article/budget-failures-displacement-zika-welcome-to-rios-11-9b-summer-olympics/,4,1,ereyes01,8/4/2016 18:17
11182648,A hunt for the government's oldest computer,https://www.muckrock.com/news/archives/2016/feb/24/hunt-governments-oldest-computer/,117,51,mrweasel,2/26/2016 17:29
11614935,Successfully Onboarding Remote Developers,https://andela.com/blog/3-steps-onboard-remote-developers/,57,3,crufo,5/2/2016 19:51
12032582,Ask HN: Alternatives to Evernote,,8,5,Kevin_S,7/4/2016 19:40
10719849,"Minecraft on Docker, one click SSL deployments, and Fallout 4's database",https://getcarina.com/blog/weekly-news-early-christmas/,37,11,jnoller,12/11/2015 20:43
10247305,Ask HN: Which PEPs are must reads for a beginner?,,2,2,taurus,9/20/2015 12:41
12344156,Android screen sizes/resolutions  why screen size doesnt matter?,http://www.allinmobile.co/android-screen-sizes-resolutions-why-screen-size-doesnt-matter/,1,2,lukassso,8/23/2016 14:50
10950989,What are some open source projects on GitHub for beginners in Golang,,2,1,sitaram,1/22/2016 5:42
11650879,Three ideas about text messages,http://antirez.com/news/105,33,30,samber,5/7/2016 19:01
12396514,"North Korea shows off Manbang, its own Netflix service",https://www.youtube.com/watch?v=NlJ5gkJujYk,1,1,azinman2,8/31/2016 7:19
12540842,Teenagers will eat veggiesif you tell them theyre sticking it to the man,http://arstechnica.com/science/2016/09/teenagers-will-eat-veggies-if-you-tell-them-theyre-sticking-it-to-the-man/,4,1,shawndumas,9/20/2016 16:36
11559781,Apple's organizational crossroads,https://stratechery.com/2016/apples-organizational-crossroads/,3,1,wslh,4/24/2016 14:27
10486700,Annie Dookhan and the Massachusetts Drug Lab Crisis,http://badchemistry.wbur.org/2013/05/19/annie-dookhan-and-the-massachusetts-drug-lab-crisis,3,1,1337biz,11/1/2015 15:38
11281564,Deep-Q Learning Pong with Tensorflow and PyGame,http://www.danielslater.net/2016/03/deep-q-learning-pong-with-tensorflow.html,48,3,albertzeyer,3/14/2016 8:00
10733981,Milwaukee Protocol,https://en.wikipedia.org/wiki/Milwaukee_protocol,31,2,philangist,12/14/2015 21:22
10323292,Rewriting a Ruby C Extension in Rust: How a Naive One-Liner Beats C,https://www.youtube.com/watch?v=2BdJeSC4FFI,5,2,brobinson,10/3/2015 9:57
10920408,"Vimmers, you don't need NerdTree",https://blog.mozhu.info/vimmers-you-dont-need-nerdtree-18f627b561c3#.55in2kiq3,5,3,bluedino,1/17/2016 18:42
12188643,Optimal DNS Ad Blocker,http://optimal.com/network-ad-blocking-beta/,115,94,uptown,7/29/2016 18:04
11687974,Ask HN: Where do you find technical interns?,,1,1,aml183,5/13/2016 1:14
11131241,Baby dolphin dies while snapchat users pass it around for selfies,https://www.yahoo.com/tech/endangered-baby-dolphin-dies-beachgoers-162841974.html,8,1,goldenkey,2/19/2016 2:57
11155824,Who Goes Nazi? (1941),https://harpers.org/archive/1941/08/who-goes-nazi/?single=1,70,36,nkurz,2/23/2016 1:39
10217199,F* reworked and released as v0.9.0,http://lambda-the-ultimate.org/node/5241,76,7,platz,9/14/2015 20:14
11168872,Email newsletters are the new zines,http://www.simonowens.net/email-newsletters-are-the-new-zines,32,9,exolymph,2/24/2016 18:17
12036320,The New Ruling Class,http://www.iasc-culture.org/THR/THR_article_2016_Summer_Andrews.php,4,2,jacques_chester,7/5/2016 13:39
10687666,Hetzner Online presents 6 new dedicated root servers,https://www.hetzner.de/en/hosting/news/hetzner-online-praesentiert-6-neue-dedicated-root-server,4,2,pella,12/7/2015 2:00
10572099,"Parallel Random Numbers: As Easy as 1, 2, 3 (2011) [pdf]",http://www.thesalmons.org/john/random123/papers/random123sc11.pdf,18,7,nkurz,11/16/2015 1:22
12298510,Microsoft SQL Server Images Available on Google Compute Engine,https://cloudplatform.googleblog.com/2016/08/why-Google-Cloud-Platform-is-ready-for-your-enterprise-database-workloads.html,7,1,velmu,8/16/2016 16:26
11395566,Recent Discussion on Unfairness in FLOSS Economics,https://www.harihareswara.net/sumana/2016/01/26/0,16,3,ashitlerferad,3/31/2016 7:33
12182329,How NLP helps Mattermark find business opps  A conversation with Samiur Rahman,http://techemergence.com/how-natural-language-processing-helps-mattermark-find-business-opps-a-conversation-with-samiur-rahman/,3,1,samiur1204,7/28/2016 18:57
11173411,"What are Bloom filters, and why are they useful?",https://sc5.io/posts/what-are-bloom-filters-and-why-are-they-useful/,13,2,nikcorg,2/25/2016 9:57
10983015,Ask HN: What is the vi/m equivalent of the Emacs Org Mode,,1,4,CarolineW,1/27/2016 20:31
11032625,Ask HN: How would you monetize a webcomics publishing platform?,,5,4,rayalez,2/4/2016 8:03
11955334,Ask HN: Dedicated servers and/or VPS for SaaS?,,1,2,startupdude69,6/22/2016 16:55
11929290,Ask HN: Can you help me learn about climate change?,,1,2,dsacco,6/18/2016 16:35
11304255,Ask HN: Who else uses adblockers for safety?,,128,92,julie1,3/17/2016 13:43
11172356,PadMapper is now on Android,http://blog.padmapper.com/2015/08/07/padmapper-is-now-on-android/,3,1,rcrowell,2/25/2016 4:18
10374593,Node.js: Some quick optimization advice,https://medium.com/@c2c/nodejs-a-quick-optimization-advice-7353b820c92e,203,72,SanderMak,10/12/2015 14:14
10528132,Teachers and students can benefit from knowing techniques of memory champions,http://www.theguardian.com/education/2015/nov/07/grandmaster-memory-teach-something-never-forget,29,6,bootload,11/8/2015 10:26
10634438,Node.js vs. Java: Which Is Faster for APIs?,https://www.linkedin.com/pulse/nodejs-vs-java-which-faster-apis-owen-rubel,2,1,wslh,11/26/2015 19:53
12371937,Ask HN: What non-technical skills do you wish you were better at?,,5,4,AdamSC1,8/27/2016 11:44
10474174,ChÃ¢teau Sucker  Wine Fraud (2012),http://nymag.com/news/features/rudy-kurniawan-wine-fraud-2012-5/,37,8,Mz,10/29/2015 20:49
10768126,Birthday problem,https://en.wikipedia.org/wiki/Birthday_problem,2,1,Amanjeev,12/20/2015 20:13
11701440,Ask HN: How do you use Amazon Echo?,,80,112,trapped,5/15/2016 16:13
11437368,NoScript and other popular Firefox add-ons open millions to new attack,http://arstechnica.com/security/2016/04/noscript-and-other-popular-firefox-add-ons-open-millions-to-new-attack/,6,1,aorth,4/6/2016 8:04
11087443,Why native English speakers fail in global business,https://theconversation.com/why-native-english-speakers-fail-to-be-understood-in-english-and-lose-out-in-global-business-54436,5,2,teaman2000,2/12/2016 14:40
12539068,'Completely secure' voting machines,http://wtop.com/fairfax-county/2016/09/fairfax-co-rolls-out-completely-secure-new-voting-machines/,9,4,jamessun,9/20/2016 12:47
11634068,"Ask HN: Math from square one, after ~11 years of programming",,6,4,vldx,5/5/2016 4:51
11517988,Tech Companies Face Greater Scrutiny for Paying Workers with Stock,http://www.nytimes.com/2016/04/18/technology/tech-companies-face-greater-scrutiny-for-paying-workers-with-stock.html,58,64,nikcub,4/18/2016 6:13
11836018,Hiring a programmer? Ditch the coding interview and get back to basics,https://m.signalvnoise.com/hiring-a-programmer-ditch-the-coding-interview-and-get-back-to-basics-f5c43e369eaf,17,4,ingve,6/4/2016 11:59
11909578,"Deep learning AI autoencodes Blade Runner, and gets a takedown notice",http://boingboing.net/2016/06/02/deep-learning-ai-autoencodes.html,12,1,phodo,6/15/2016 14:36
11747626,Achieving a Perfect SSL Labs Score with Go,https://blog.bracelab.com/achieving-perfect-ssl-labs-score-with-go,98,50,0xmohit,5/22/2016 7:07
11222401,YourLanguageSucks,https://wiki.theory.org/YourLanguageSucks,5,2,MrBra,3/4/2016 6:46
11550765,The Looting of ShapeShift,https://news.bitcoin.com/looting-fox-sabotage-shapeshift/,198,90,danielvf,4/22/2016 17:22
11078317,United wants to know if you work as a plumbing insulator?,http://jalopnik.com/united-airlines-new-survey-is-full-of-the-most-batshit-1757416268,3,1,jbclements,2/11/2016 4:55
11635751,Ask HN: Best encrypted messaging app with mobile and native clients?,,13,16,mellamoyo,5/5/2016 13:13
11048068,FOSDEM 2016 Systemd and Where We Want to Take the Basic Linux Userspace in 2016,https://fosdem.org/2016/schedule/event/systemd/,4,1,protomyth,2/6/2016 15:25
11865623,Lessons Learned Scaling Hotjar's Tech Architecture,https://www.hotjar.com/blog/9-lessons-we-learned-while-scaling-hotjars-tech-architecture,32,1,vinnyglennon,6/8/2016 21:00
10845086,Twitter Considers Higher Character Limit for Tweets Business,http://www.bloomberg.com/news/articles/2016-01-05/twitter-said-to-consider-higher-character-limit-for-tweets,25,106,pbhowmic,1/5/2016 18:44
12381103,The Necessity of Musical Hallucinations (2015),http://nautil.us/issue/20/creativity/the-necessity-of-musical-hallucinations,34,6,dnetesn,8/29/2016 10:53
10770645,BBC Radio iPlayer  The Audio Factory,http://www.audiomisc.co.uk/BBC/AudioFactory/AudioFactory.html,16,2,edward,12/21/2015 11:47
12090884,Ask HN Staff: Could you build emoji support?,,3,4,maxsavin,7/14/2016 0:31
12204646,Voisi: Robot-made  human-readable,https://play.google.com/store/apps/details?id=com.voisi.recorder,1,1,KseniaWeiss,8/1/2016 18:17
10377037,Oxford University admissions interview questions and answers revealed,http://www.theguardian.com/education/2015/oct/12/oxford-university-admissions-interview-questions-and-answers-revealed,20,10,bootload,10/12/2015 21:25
12349391,Gene name errors are widespread in the scientific literature,http://genomebiology.biomedcentral.com/articles/10.1186/s13059-016-1044-7,64,59,campuscodi,8/24/2016 3:02
10263935,"Wherever You Go, Your Personal Cloud of Microbes Follows",http://www.npr.org/sections/health-shots/2015/09/22/441841735/wherever-you-go-your-personal-cloud-of-microbes-follows,39,11,pmcpinto,9/23/2015 8:44
11147843,Ask HN: Facebook Account Disabled,,2,3,OafTobark,2/22/2016 1:52
